filename,text
Gen_English_Sentences_1,Hi Elizabeth and Anthony Life is filled with moments that matter.
Gen_English_Sentences_2,Treasure each smile every laugh and every hug.
Gen_English_Sentences_3,Small gestures can create a big impact.
Gen_English_Sentences_4,Celebrate the joy of being together the warmth of companionship.
Gen_English_Sentences_5,Stay active remain healthy and be happy.
Gen_English_Sentences_6,Appreciate the beauty of each new day.
Gen_English_Sentences_7,Find joy in the simple things the unexpected surprises.
Gen_English_Sentences_8,Embrace every opportunity and live life to the fullest.
Gen_English_Sentences_9,Because you deserve the finest always.
Gen_English_Sentences_10,Compassion and generosity brings true joy to our hearts.
Gen_English_Sentences_11,A beautiful life is not just about wealth or luxury
Gen_English_Sentences_12,It is also about feeling happy and satisfied.
Gen_English_Sentences_13,Spending quality time with family and friends adds real joy to our lives.
Gen_English_Sentences_14,Finding joy in every little thing and living the day with attention also gives us happiness.
Gen_English_Sentences_15,Life is about cherishing moments and making memories with loved ones.
Gen_English_Sentences_16,Helping others is an important aspect of living a beautiful life.
Gen_English_Sentences_17,When we help others it gives us the feeling of internal satisfaction.
Gen_English_Sentences_18,Small acts of kindness such as donating or offering a helping hand can make a big difference.
Gen_English_Sentences_19,By contributing to others' well-being we not only improve their lives but also enhance our own.
Gen_English_Sentences_20,A beautiful life involves pursuing our dreams and goals.
Gen_English_Sentences_21,Even though challenges and obstacles are part of the journey facing them with determination makes us stronger.
Gen_English_Sentences_22,Achieving our dreams gives us a sense of accomplishment and adds meaning to our lives.
Gen_English_Sentences_23,Working towards our passion makes life more meaningful and beautiful.
Gen_English_Sentences_24,To live a beautiful life maintaining good health is essential.
Gen_English_Sentences_25,A healthy body and a healthy mind is necessary for living the life with happiness.
Gen_English_Sentences_26,Regular exercise a balanced diet and adequate sleep are important for our well-being.
Gen_English_Sentences_27,Healthy living helps us stay energetic and face daily challenges with a positive attitude.
Gen_English_Sentences_28,A healthy lifestyle is key to experiencing happiness and contentment.
Gen_English_Sentences_29,Creativity plays a big role in a beautiful life.
Gen_English_Sentences_30,Art music and writing help us express our feelings and feel satisfied.
Gen_English_Sentences_31,Creative activities can be a great way to relieve stress and find joy.
Gen_English_Sentences_32,These activities help us explore our talents and bring positivity in our lives.
Gen_English_Sentences_33,Fashion is a powerful way to express who you are without saying a word.
Gen_English_Sentences_34,Once reserved for the rich and famous fashion is now within everyone's reach especially the youth.
Gen_English_Sentences_35,What begins as a trend can transform into a style that shapes our attire behavior and lifestyle.
Gen_English_Sentences_36,Fashion is not just about looking good; its about feeling confident and bold.
Gen_English_Sentences_37,It's a global phenomenon with each country adding its unique flair.
Gen_English_Sentences_38,From clothing to lifestyle accents fashion is everywhere.
Gen_Sentences_1,Hi अमरजीत सिंघ from लुधियाना नमस्ते मैं हूँ Viraj और मेरी तरफ़ से आपको और आपके परिवार को ढेर सारी शुभकामनाएं.
Gen_Sentences_2,दुआ करता हूँ कि आपका हर दिन खुशियों से भरा हो.
Gen_Sentences_3,आपका और good-luck का जोड़ हमेशा मज़बूत रहे. Wishing you all the very best. Take care
Gen_Sentences_4,Hi स्नेहा  मुख़र्जी and team It's me विराज.
Gen_Sentences_5,How are you all doing? A huge shoutout to all of you from my side because I hear कि आपकी team काफ़ी अच्छी progress कर रही है.
Gen_Sentences_6,Big congratulations to you. I hope you keep moving forward keep shining and continue to reach greater heights.
Gen_Sentences_7,Keep up the good work sending you lots of love and best wishes. Take care.
Gen_Sentences_8,Hi अनामिका श्रीवास्तव from जयपुर मैं हूँ विराज. आपको और आपके परिवार को मेरी तरफ़ से नए साल की ढेर सारी बधाई.
Gen_Sentences_9,ये नया साल आपके लिए बहुत सारी खुशियाँ success good luck और good health लाए. आपके सभी सपने पूरे हों.
Gen_Sentences_10,Always keep smiling and celebrate this with your friends and family. Happy New Year
Gen_Sentences_11,Hi इशांक and उमेद Happiness का मतलब सिर्फ़ ख़ुशी से नहीं बल्कि अपनी ज़िंदगी से satisfied रहना भी है.
Gen_Sentences_12,जब हम अपनी daily life को enjoy करते हैं और छोटी-छोटी चीज़ों में ख़ुशी ढूंढते हैं तब हम ज़्यादा happy feel करते हैं.
Gen_Sentences_13,Friends और family के साथ quality time spend करना भी happiness को बढ़ाता है.
Gen_Sentences_14,Simple things जैसे एक अच्छी coffee या थोड़ा हंसी-मज़ाक हमारे दिन को bright बना सकता है.
Gen_Sentences_15,Hi रिषिका and रिषभ Good health भी happiness का एक important part है.
Gen_Sentences_16,जब हम fit और healthy होते हैं तब हम ज़्यादा ख़ुश feel करते हैं.
Gen_Sentences_17,Regular exercise healthy diet और proper sleep लेने से हम अपने body और mind को healthy रख सकते हैं.
Gen_Sentences_18,Healthy living हमारी overall well-being को improve करता है जो कि happiness का एक key factor है.
Gen_Sentences_19,Hi अंकुर and ऐश्वर्या ख़ूबसूरत जीवन जीने के लिए हमें अपने health का ध्यान रखना ज़रूरी है.
Gen_Sentences_20,Healthy body और mind के बिना जीवन का कोई मज़ा नहीं होता.
Gen_Sentences_21,रोज़ exercise करना balanced diet लेना और time पे सोना ज़रूरी होता है. जब हम स्वस्थ रहते हैं.
Gen_Sentences_22,तो हमारी ऊर्जा बढ़ती है और हम अपने काम को बेहतर तरीक़े से कर पाते हैं.
Gen_Sentences_23,ये हमें आनंद भरा जीवन जीने में मदद करता है.
Gen_Sentences_24,Hi जयलक्ष्मी ठक्कर Gratefulness happiness का एक key element है. जब हम अपनी life में grateful होते हैं और हर चीज़ को appreciate करते हैं हम ज़्यादा happy feel करते हैं.
Gen_Sentences_25,Simple चीज़ों का शुक्रिया अदा करना जैसे एक अच्छा दिन या एक supportive friend हमें ज़िंदगी की real happiness का एहसास दिलाता है.
Gen_Sentences_26,Gratitude से हमारे thoughts positive होते हैं और happiness बढ़ जाती है.
Gen_Sentences_27,Hi अन्नपूर्णा How are you doing? अपने passion को follow करना- happiness का एक important part है.
Gen_Sentences_28,जब हम अपने hobbies और interests को follow करते हैं हम ज़्यादा fulfilled और happy feel करते हैं.
Gen_Sentences_29,ये activities हमारे stress को कम करती हैं और हमें एक sense of purpose देती हैं.
Gen_Sentences_30,अपने passions को follow करना एक तरह से self-care भी है जो हमें mental peace और happiness provide करता है.
Gen_Sentences_31,Hi ओमर इक़बाल Family मेरे लिए सबसे important है. चाहे कुछ भी हो ये हमेशा हमारे साथ रहती है.
Gen_Sentences_32,हर ख़ुशी हर दुख में ये हमें support करती है. हमारे family members हमें unconditional प्यार देते हैं.
Gen_Sentences_33,और हमेशा साथ खड़े रहते हैं. दिवाली हो या होली परिवार के साथ बिताया हुआ हर पल special है.
Gen_Sentences_34,उनके बिना ज़िंदगी अधूरी लगती है.
Gen_Sentences_35,इसलिए अपनी family के साथ वक़्त बिताइए उन्हें अपनी ज़िंदगी का हिस्सा बनाइए.
Gen_Sentences_36,Hi Doctor पूनम मल्होत्रा कैसे हो आप? मैं हूँ Viraj  और ये है आपके लिए एक छोटा सा surprise
Gen_Sentences_37,Happiest birthday to you I hope ये special दिन आपका हर सपना पूरा करे.
Gen_Sentences_38,Have a fantastic day May your journey ahead be filled with love laughter and good health. Sending you loads of love. Take care.
Gen_Sentences_39,Hi सोनिया and सूरज from Chennai आप दोनों कैसे हो? मैं हूँ विराज and guess what?
Gen_Sentences_40,I heard आज आप दोनों की anniversary है. So big congratulations to you both..
Gen_Sentences_41,Cheers to your love and all the amazing adventures ahead.
Gen_Sentences_42,आप दोनों का प्यार हमेशा रहे बरक़रार.
Gen_Sentences_43,God bless you Stay happy. Take care.
Gen_Sentences_44,Hi निशांत वर्मा from मुंबई कैसे हैं आप?
Gen_Sentences_45,It’s me विराज wishing you and your family a very very happy गणेश चतुर्थी.
Gen_Sentences_46,आज का पूरा दिन मौज मस्ती से बिताइए.
Gen_Sentences_47,जीवन में खुशियाँ हमेशा बनी रहनी चाहिए Wishing you lots of love luck and happiness.
Gen_Sentences_48,Sending my best-est wishes. Take care.
Gen_Sentences_49,Acting की दुनिया में काम करना एक adventure है.
Gen_Sentences_50,इसमें हर दिन नए challenges और opportunities आती हैं.
Gen_Sentences_51,Acting की दुनिया में अपना career शुरू करना एक thrilling और challenging process था.
Gen_Sentences_52,Auditions और casting calls में जाना और अपनी acting skills को showcase करना.
Gen_Sentences_53,ये मेहनत और लगन का काम है.
Gen_Sentences_54,Acting profession में energy और flexibility भी होना ज़रूरी है.
Gen_Sentences_55,Film shoots और TV के लिए कभी-कभी दिन भर shoot करना पड़ता है.
Gen_Sentences_56,जो physically और mentally challenging होता है.
Gen_Sentences_57,But set पे काम कर रहे सारे लोगों की मेहनत जब रंग लाती है तो सारी थकान दूर हो जाती है.
Gen_Sentences_58,Acting के career में आगे बढ़ने के लिए हमेशा सीखते रहना चाहिए.
Gen_Sentences_59,Workshops और acting classes मेरे लिए important हैं.
Gen_Sentences_60,यहाँ मैं अपनी कला को बेहतर और नए अंदाज़ से पेश करना सीखता हूँ.
Gen_Sentences_61,एक important lesson जो मैंने सीखा वो ये है कि acting सिर्फ dialogues बोलने से नहीं होती.