file,text,source_csv,duration_sec
wavs/ABB_1.wav,आज I I T के छात्रों ने A I पर शोध करके ज्ञान वृद्धी की है.,rashi_pans_transcription.csv,4.640
wavs/ABB_2.wav,C E O ने कहा कि M B A करने वाले युवा कुशल और बुद्धिमान हैं.,rashi_pans_transcription.csv,5.280
wavs/ABB_4.wav,G P S की मदद से U S A जाने वाला युवक सही रास्ता खोज़ सकेगा.,rashi_pans_transcription.csv,5.440
wavs/ABB_5.wav,C B I officer ने गुप्त जांच करके षड्यंत्र का भंडाफोड़ किया है.,rashi_pans_transcription.csv,4.160
wavs/ABB_6.wav,I T company में P D F file को U S B में copy करने का काम शुरू हुआ.,rashi_pans_transcription.csv,5.120
wavs/ABB_7.wav,R B I governor ने G S T और E P F नीति पर महत्वपूर्ण घोषणा की थी.,rashi_pans_transcription.csv,5.280
wavs/ABB_8.wav,W H O की report में COVID के नए वेरिएंट की जानकारी छपी है.,rashi_pans_transcription.csv,4.160
wavs/ABB_9.wav,I S R O के वैज्ञानिक ने चांद पर पहुंचने वाला यान सफलतापूर्वक भेजा.,rashi_pans_transcription.csv,4.480
wavs/ABB_10.wav,U G C ने P H D करने वाले छात्रों के लिए नई छात्रवृत्ति शुरू की.,rashi_pans_transcription.csv,4.960
wavs/ABB_11.wav,S B I bank में A T M से पैसे निकालते समय O T P डालना ज़रूरी है.,rashi_pans_transcription.csv,5.600
wavs/ABB_12.wav,B B C news में U K और U S A के बीच व्यापारिक समझौते की चर्चा हुई.,rashi_pans_transcription.csv,4.960
wavs/ABB_13.wav,नासा के अंतरिक्ष यात्री ने I S S से पृथ्वी की खूबसूरत तस्वीर खींची.,rashi_pans_transcription.csv,4.480
wavs/ABB_14.wav,फ़िफ़ा world cup में भारतीय team का खिलाड़ी बहुत कुशलता से खेला.,rashi_pans_transcription.csv,3.680
wavs/ABB_15.wav,युनेस्को ने भारत की सांस्कृतिक धरोहर को विश्व विरासत घोषित किया.,rashi_pans_transcription.csv,4.320
wavs/ABB_16.wav,C B S E board के छात्रों ने बार्वीं कक्षा में गणित और विज्ञान में अच्छे अंक पाए.,rashi_pans_transcription.csv,5.280
wavs/ABB_17.wav,N G O ने H I V positive मरीज़ों के लिए दवाइयों का वितरण शुरू किया है.,rashi_pans_transcription.csv,4.800
wavs/ABB_18.wav,Pin code डालकर A T M card से पैसे निकालना सुरक्षित और आसान है.,rashi_pans_transcription.csv,4.800
wavs/ABB_19.wav,T V पर C N N news देखते समय बच्चों को अक्षर ज्ञान भी मिलता है.,rashi_pans_transcription.csv,4.160
wavs/ABB_20.wav,D V D player में C D लगाकर पुराने गाने सुनना आज भी रोचक लगता है.,rashi_pans_transcription.csv,5.120
wavs/ABB_21.wav,M R B Traders से मुझे अच्छा सामान मिलता है.,rashi_pans_transcription.csv,3.200
wavs/ABB_22.wav,S B Electronics की दुकान में नए model के phone आ गए हैं.,rashi_pans_transcription.csv,4.000
wavs/ABB_23.wav,D K Electronics वाले भैया बहुत ईमानदार हैं.,rashi_pans_transcription.csv,3.200
wavs/ABB_24.wav,R K Cycle Stores से बच्चों के लिए cycle खरीदी है.,rashi_pans_transcription.csv,3.040
wavs/ABB_25.wav,P V Garments में सबसे सस्ते कपड़े मिलते हैं.,rashi_pans_transcription.csv,3.200
wavs/ABB_26.wav,J S Medical Store से दवाई लेकर आना है.,rashi_pans_transcription.csv,3.040
wavs/ABB_27.wav,K L Books Center में सभी किताबें उपलब्ध हैं.,rashi_pans_transcription.csv,2.560
wavs/ABB_28.wav,M N Hardware Store से घर के लिए सामान ले आओ.,rashi_pans_transcription.csv,3.040
wavs/ABB_30.wav,V K Jewellers की दुकान में सोने चांदी के गहने हैं.,rashi_pans_transcription.csv,3.680
wavs/ABB_31.wav,L M Sweets Corner से रसगुल्ले और जलेबी मंगवा दो.,rashi_pans_transcription.csv,3.680
wavs/ABB_32.wav,R S Computer Center में laptop repair का काम होता है.,rashi_pans_transcription.csv,3.840
wavs/ABB_33.wav,T N Auto Parts में गाड़ी के सभी पुर्जे मिल जाते हैं.,rashi_pans_transcription.csv,3.040
wavs/ABB_34.wav,H K Optical Store से चश्मा बनवाना बहुत सस्ता है.,rashi_pans_transcription.csv,3.520
wavs/ABB_35.wav,C R Furniture Mart से घर का सारा furniture खरीदा था.,rashi_pans_transcription.csv,3.680
wavs/ABB_36.wav,G P Sports Store में cricket और football का सामान है.,rashi_pans_transcription.csv,3.040
wavs/ABB_37.wav,B D Music Store से guitar और तबला खरीदना है.,rashi_pans_transcription.csv,3.200
wavs/ABB_38.wav,"S K Stationery Shop में pen, pencil और copy मिलती है.",rashi_pans_transcription.csv,4.480
wavs/ABB_39.wav,N R Gift Corner से जन्मदिन के लिए तोहफ़ा ले आना.,rashi_pans_transcription.csv,3.680
wavs/ABB_40.wav,F M Tea Stall पर सबसे अच्छी चाय मिलती है.,rashi_pans_transcription.csv,3.040
wavs/B_P1.wav,बगीचे में खिलते गुलाब को देखकर सबका मन होता है अब शुभ.,rashi_pans_transcription.csv,3.680
wavs/B_P2.wav,भारत के सभी नागरिक मिलकर देश का विकास करते हैं अजब.,rashi_pans_transcription.csv,3.840
wavs/B_P3.wav,बच्चों ने सबके सामने भाषण दिया और पाया पुरस्कार अगाध जवाब.,rashi_pans_transcription.csv,3.840
wavs/B_P4.wav,भोजन करते समय सबको शांति से बैठकर खाना चाहिए आदाब.,rashi_pans_transcription.csv,3.200
wavs/B_P5.wav,बर्फ़ीली पहाड़ियों पर चढ़ते हुए सबने देखी प्रकृति की अद्भुत छटा अजीब.,rashi_pans_transcription.csv,4.800
wavs/B_P6.wav,भगवान की कृपा से सबको मिलता है जीवन में सुख और लाभ.,rashi_pans_transcription.csv,3.680
wavs/B_P7.wav,बादल गरजते हैं और बिजली चमकती है तब सब होते हैं आश्चर्य में डूब.,rashi_pans_transcription.csv,4.480
wavs/B_P8.wav,भेड़िया जंगल में घूमता है जबकि खरगोश बिल में छिपकर रेहता अब.,rashi_pans_transcription.csv,4.640
wavs/B_P9.wav,बाज़ार से खरीदे हुए सामान को सभी लोग घर लाते हैं शुभ.,rashi_pans_transcription.csv,3.840
wavs/B_P10.wav,भोर के समय उठकर सबसे पेहले व्यायाम करना स्वास्थ्य का लाभ.,rashi_pans_transcription.csv,4.000
wavs/Balanced_sentences_1.wav,The dw string squeezes the strange drill.,rashi_pans_transcription.csv,3.040
wavs/Balanced_sentences_2.wav,They trained the prize with this bright splash.,rashi_pans_transcription.csv,2.560
wavs/Balanced_sentences_3.wav,They drilled the shrimp with this quick cliff.,rashi_pans_transcription.csv,2.880
wavs/Balanced_sentences_4.wav,The tr slope splashes the quick prize.,rashi_pans_transcription.csv,3.200
wavs/Balanced_sentences_5.wav,Please shrink the thin scribe before scoring it.,rashi_pans_transcription.csv,2.720
wavs/Balanced_sentences_6.wav,The sk snack drills the giant scribe.,rashi_pans_transcription.csv,3.040
wavs/Balanced_sentences_7.wav,They stretched the twist with the glossy shrimp.,rashi_pans_transcription.csv,2.560
wavs/Balanced_sentences_8.wav,Please throttle the brisk splash before screening it.,rashi_pans_transcription.csv,3.680
wavs/Balanced_sentences_9.wav,Please quickly scan the quiet plane before sketching it.,rashi_pans_transcription.csv,3.040
wavs/Balanced_sentences_10.wav,They shrunk the throne with one quick drill.,rashi_pans_transcription.csv,3.680
wavs/Balanced_sentences_11.wav,They stretched the cliff with one quiet grape.,rashi_pans_transcription.csv,2.720
wavs/Balanced_sentences_12.wav,Please shrink the glossy splash before storing it.,rashi_pans_transcription.csv,3.680
wavs/Balanced_sentences_13.wav,They trained the breeze with this square square.,rashi_pans_transcription.csv,2.560
wavs/Balanced_sentences_14.wav,They splashed the queen with this glossy glove.,rashi_pans_transcription.csv,2.560
wavs/Balanced_sentences_15.wav,The fl slope stretches the brisk square.,rashi_pans_transcription.csv,3.040
wavs/Balanced_sentences_16.wav,The tw glove shrinks the glossy breeze.,rashi_pans_transcription.csv,3.040
wavs/Balanced_sentences_17.wav,They thrived the scribe with a giant slope.,rashi_pans_transcription.csv,2.880
wavs/Balanced_sentences_18.wav,Please quickly scan the bright throne before scoring it.,rashi_pans_transcription.csv,3.520
wavs/Balanced_sentences_19.wav,The FR dwell squeezes the quiet frame.,rashi_pans_transcription.csv,3.040
wavs/Balanced_sentences_20.wav,The SL cliff trains the bright twist.,rashi_pans_transcription.csv,3.360
wavs/Balanced_sentences_21.wav,Please press the strange drill before shipping it.,rashi_pans_transcription.csv,2.720
wavs/Balanced_sentences_22.wav,They splashed the slope with one crisp swarm.,rashi_pans_transcription.csv,2.720
wavs/Balanced_sentences_23.wav,They scribed the prize with one giant slope.,rashi_pans_transcription.csv,2.880
wavs/Balanced_sentences_24.wav,They scribed the dwell with the gentle frame.,rashi_pans_transcription.csv,2.560
wavs/Balanced_sentences_25.wav,Please frame the giant string before storing it.,rashi_pans_transcription.csv,2.720
wavs/Balanced_sentences_26.wav,They trained the sprint with the brisk sprint.,rashi_pans_transcription.csv,3.040
wavs/Balanced_sentences_27.wav,They cracked the flame with that giant square.,rashi_pans_transcription.csv,2.880
wavs/Balanced_sentences_28.wav,Please press the strange skirt before sketching it.,rashi_pans_transcription.csv,2.880
wavs/Balanced_sentences_29.wav,Please clean the quiet breeze before shipping it.,rashi_pans_transcription.csv,2.400
wavs/Balanced_sentences_30.wav,Please square the strange skirt before scrolling it.,rashi_pans_transcription.csv,3.040
wavs/Balanced_sentences_H_1.wav,"कृपया अनुरोध को परसों तक प्रेषण दें, फिऱ साझा करें.",rashi_pans_transcription.csv,4.320
wavs/Balanced_sentences_H_2.wav,क्या भोपाल में demo के लिए समीक्षा हो गई है?,rashi_pans_transcription.csv,3.040
wavs/Balanced_sentences_H_3.wav,क्या इंदौर में meeting के लिए rehearsal हो गई है?,rashi_pans_transcription.csv,3.040
wavs/Balanced_sentences_H_4.wav,अभय ने डेटा का जाँच करके सुधार प्राप्त किया.,rashi_pans_transcription.csv,3.040
wavs/Balanced_sentences_H_5.wav,क्या भोपाल में कार्यशाला के लिए व्यवस्था हो गई है?,rashi_pans_transcription.csv,3.680
wavs/Balanced_sentences_H_6.wav,"कृपया प्रस्ताव को परसों तक समीक्षा दें, फ़िर restart करें.",rashi_pans_transcription.csv,4.320
wavs/Balanced_sentences_H_7.wav,"कृपया model को तुरंत तक वितरण दें, फ़िर track करें.",rashi_pans_transcription.csv,3.520
wavs/Balanced_sentences_H_8.wav,क्या दिल्ली में समारोह के लिए तैयारी हो गई है?,rashi_pans_transcription.csv,2.880
wavs/Balanced_sentences_H_9.wav,"कृपया योजना को परसों तक समीक्षा दें, फ़िर साझा करें.",rashi_pans_transcription.csv,3.200
wavs/Balanced_sentences_H_10.wav,"कृपया report को अगले सोमवार तक परिनियोजन दें, फ़िर टिप्पणी करें.",rashi_pans_transcription.csv,4.160
wavs/Balanced_sentences_H_11.wav,"कृपया report को कल तक वितरण दें, फ़िर टिप्पणी करें.",rashi_pans_transcription.csv,3.680
wavs/Balanced_sentences_H_12.wav,"कृपया दस्तावेज़ को परसों तक प्रेषण दें, फ़िर archive करें.",rashi_pans_transcription.csv,4.320
wavs/Balanced_sentences_H_13.wav,"कृपया योजना को तुरंत तक जाँच दें, फ़िर restart करें.",rashi_pans_transcription.csv,3.680
wavs/Balanced_sentences_H_14.wav,"कृपया report को परसों तक वितरण दें, फ़िर archive करें.",rashi_pans_transcription.csv,3.680
wavs/Balanced_sentences_H_15.wav,ज्ञानेन्द्र ने उत्पाद का upload करके अनुमोदन प्राप्त किया.,rashi_pans_transcription.csv,3.680
wavs/Balanced_sentences_H_16.wav,क्या लखनऊ में समारोह के लिए तैयारी हो गई है?,rashi_pans_transcription.csv,2.880
wavs/Balanced_sentences_H_17.wav,क्या पटना में समारोह के लिए व्यवस्था हो गई है?,rashi_pans_transcription.csv,2.880
wavs/Balanced_sentences_H_18.wav,कृतिका ने अनुरोध का जाँच करके सुधार प्राप्त किया.,rashi_pans_transcription.csv,3.360
wavs/Balanced_sentences_H_19.wav,क्या चंडीगढ़ में समारोह के लिए समीक्षा हो गई है?,rashi_pans_transcription.csv,3.520
wavs/Balanced_sentences_H_20.wav,फ़ैज़ ने script का मंज़ूरी करके उन्नयन प्राप्त किया.,rashi_pans_transcription.csv,3.360
wavs/Bh_1.wav,भोले भक्त भगवान को भूलकर भोजन नहीं करते.,rashi_pans_transcription.csv,2.720
wavs/Bh_2.wav,भव्य भवन की भूमि भारत में है.,rashi_pans_transcription.csv,2.240
wavs/Bh_3.wav,भयभीत भाई भारी भाग दौड़ में भाग रहा था.,rashi_pans_transcription.csv,2.720
wavs/Bh_4.wav,भल्लू भैंस से भिड़ गया.,rashi_pans_transcription.csv,2.240
wavs/Bh_5.wav,भरपेट भोजन के भरोसे मत भैठो.,rashi_pans_transcription.csv,2.720
wavs/Bh_6.wav,भारत भूषण ने भयानक भूल की.,rashi_pans_transcription.csv,1.920
wavs/Bh_7.wav,भोली भाली भाभी भाजी लाईं.,rashi_pans_transcription.csv,1.760
wavs/Bh_8.wav,भेड़ बकरियों की भीड़ भयानक थी.,rashi_pans_transcription.csv,3.200
wavs/Bh_9.wav,भविष्य की बातें भविष्यवक्ता ने बताईं.,rashi_pans_transcription.csv,2.720
wavs/Bh_10.wav,भवन में भयंकर भूकंप आया.,rashi_pans_transcription.csv,2.400
wavs/Bh_11.wav,भष्टाचार के खिलाफ़ भाषण हुआ.,rashi_pans_transcription.csv,2.560
wavs/Bh_12.wav,भिखारी भीख मांगने भीतर आया.,rashi_pans_transcription.csv,2.560
wavs/Bh_13.wav,भादों के महीने में भारी बारिश हुई.,rashi_pans_transcription.csv,2.080
wavs/Bh_14.wav,भैंस का भोजन भूसा है.,rashi_pans_transcription.csv,1.760
wavs/Bh_15.wav,भिंडी की भाजी भैया ने बनाई.,rashi_pans_transcription.csv,2.080
wavs/Bh_16.wav,भलाई का जमाना बीत गया.,rashi_pans_transcription.csv,1.760
wavs/Bh_17.wav,भड़कीले कपड़े भद्दे लगते हैं.,rashi_pans_transcription.csv,2.240
wavs/Bh_18.wav,भाप से भोजन भाप में पका.,rashi_pans_transcription.csv,1.760
wavs/Bh_19.wav,भूखे भजन न होय गोपाला.,rashi_pans_transcription.csv,2.080
wavs/Bh_20.wav,भरी सभा में भेद खुल गया.,rashi_pans_transcription.csv,1.920
wavs/Ch_2.wav,छोटू छत से छिपकर छाता छीन लाया.,rashi_pans_transcription.csv,2.240
wavs/Ch_3.wav,छह छात्रों ने छज्जे से छलांग लगाई.,rashi_pans_transcription.csv,2.400
wavs/Ch_4.wav,छम छम करती छाया छोटी छतरी ले आई.,rashi_pans_transcription.csv,2.400
wavs/Ch_5.wav,छींकते छींकते छोटेलाल छिप गए.,rashi_pans_transcription.csv,3.360
wavs/Ch_7.wav,छापा मारकर पुलिस ने छगन को पकड़ा.,rashi_pans_transcription.csv,3.040
wavs/Ch_8.wav,छलनी में छोले छान लो.,rashi_pans_transcription.csv,1.600
wavs/Ch_9.wav,छोटी सी छूट पर छोकरा छुईमुई बन गया.,rashi_pans_transcription.csv,2.720
wavs/Ch_10.wav,छल्ले के चक्कर में छवि ने सब छोड़ दिया.,rashi_pans_transcription.csv,3.360
wavs/Ch_11.wav,छल छल करता पानी छलका.,rashi_pans_transcription.csv,1.920
wavs/Ch_12.wav,छाती पर छपा चित्र छुपाओ.,rashi_pans_transcription.csv,1.920
wavs/Ch_13.wav,छप्पन छूरियाें से छलनी कर दिया.,rashi_pans_transcription.csv,2.080
wavs/Ch_15.wav,छाया ने छंद की छह पंक्तियाँ छांटी.,rashi_pans_transcription.csv,2.400
wavs/Ch_16.wav,छुप छुपकर छींटाकशी मत करो.,rashi_pans_transcription.csv,2.080
wavs/Ch_17.wav,छील छालकर सब्ज़ी बनाओ.,rashi_pans_transcription.csv,2.080
wavs/Ch_18.wav,छुहारा छात्रों में बाँट दो.,rashi_pans_transcription.csv,1.760
wavs/Ch_19.wav,छोटे से छोले भटूरे की दुकान थी.,rashi_pans_transcription.csv,2.400
wavs/Ch_20.wav,छल करोगे तो छूट नहीं मिलेगी.,rashi_pans_transcription.csv,2.240
wavs/D_2.wav,दरवाज़ा देर से दरक गया.,rashi_pans_transcription.csv,1.760
wavs/D_3.wav,दर्पण में देवी का दर्शन हुआ.,rashi_pans_transcription.csv,2.080
wavs/D_4.wav,दवाइयाँ देने वाला दासु आया.,rashi_pans_transcription.csv,2.880
wavs/D_5.wav,दुकानदार ने दही दोना दिया.,rashi_pans_transcription.csv,1.920
wavs/D_6.wav,दिल्ली में दर्शन हेतु दल रवाना हुआ.,rashi_pans_transcription.csv,2.720
wavs/D_7.wav,दरबार में दरोगा दस्तक देकर दाख़िल हुआ.,rashi_pans_transcription.csv,2.880
wavs/D_8.wav,दिलीप ने दस्तावेज़ दफ़़्तर में दिए.,rashi_pans_transcription.csv,2.560
wavs/D_9.wav,दंगों से डरकर लोग दूर चले गए.,rashi_pans_transcription.csv,2.560
wavs/D_10.wav,दरिया के दाएं ओर दलदल था.,rashi_pans_transcription.csv,2.720
wavs/D_P1.wav,दिल्ली के बाज़ार में डिब्बे खरीदकर घर पहुंचे मोत.,rashi_pans_transcription.csv,3.360
wavs/D_P2.wav,दिनभर काम करके थोड़ा आराम हमें मिलता है आनंद.,rashi_pans_transcription.csv,3.840
wavs/D_P3.wav,डमरू बजाते हुए सड़क पर नृत्य करते हुए पोहंचे मंदिर शब्द.,rashi_pans_transcription.csv,3.680
wavs/D_P4.wav,"धरती पर जीवन की खुशियों को पाने के लिए मेहनत करते हैं, निर्विवाद.",rashi_pans_transcription.csv,4.320
wavs/D_P5.wav,दूर से आती हुई आवाज़ सुनकर बच्चे दौड़ पड़े घबराकर समुद्र तट के पास यद्वद्.,rashi_pans_transcription.csv,5.280
wavs/D_P6.wav,डिब्बों में बंद खाद्य पदार्थ को सावधानी से देखकर खरीदें स्वास्थ्य हित प्रमुद.,rashi_pans_transcription.csv,5.120
wavs/D_P7.wav,"दरवाज़े पर दस्तक देकर अंदर आया वह व्यक्ति, जो था, विद्वान प्रसिद्ध.",rashi_pans_transcription.csv,5.600
wavs/D_P8.wav,"ढाई किलो आटे में मिलाकर, नमक स्वादिष्ट पकवान बनाया गया अनमोल प्रसाद.",rashi_pans_transcription.csv,5.920
wavs/D_P9.wav,दुकान से खरीदे हुए डिब्बे को खोलकर देखा अंदर था उपहार अप्रतिम अनुवाद.,rashi_pans_transcription.csv,5.600
wavs/D_P10.wav,धनुष लेकर युद्ध में जाने वाले योद्धा को मिला सम्मान अपरंपार अखंड.,rashi_pans_transcription.csv,4.800
wavs/Da_1.wav,डमरू डाँसते dimple के पास था.,rashi_pans_transcription.csv,2.240
wavs/Da_2.wav,डाकिया डाक देने डगर पे निकला.,rashi_pans_transcription.csv,2.080
wavs/Da_3.wav,डिब्बे में double रोटी रखी थी.,rashi_pans_transcription.csv,2.560
wavs/Da_4.wav,Dimple ने doggy को डांटा.,rashi_pans_transcription.csv,2.560
wavs/Da_5.wav,Driver ने diesel डाल दिया.,rashi_pans_transcription.csv,1.760
wavs/Da_6.wav,Dinosaur dress पेहेन कर डराया.,rashi_pans_transcription.csv,2.560
wavs/Da_7.wav,डब्बू ने डोरी से डब्बा बांधा.,rashi_pans_transcription.csv,2.080
wavs/Da_8.wav,Doctor duty पर देर से पोहंचे.,rashi_pans_transcription.csv,2.400
wavs/Da_9.wav,Drama देखने दर्शक डट गए.,rashi_pans_transcription.csv,1.920
wavs/Da_10.wav,Desk पर dictionary रखी थी.,rashi_pans_transcription.csv,2.080
wavs/Da_31.wav,डाकिया डाक डालने डरते डरते डाकघर गया.,rashi_pans_transcription.csv,2.720
wavs/Da_32.wav,डब्बू ने डंडे से डमरू डरा दिया.,rashi_pans_transcription.csv,2.880
wavs/Da_34.wav,डरावनी डायन डगर डगर डोल रही थी.,rashi_pans_transcription.csv,2.560
wavs/Da_35.wav,डाकू ने डकैती डालने का डांव खेला.,rashi_pans_transcription.csv,2.880
wavs/Da_36.wav,Doctor ने drip लगाकर डोज दिया.,rashi_pans_transcription.csv,2.080
wavs/Da_37.wav,डगमगाते कदमों से डगर पार की.,rashi_pans_transcription.csv,2.400
wavs/Da_38.wav,डाल पर बैठा पक्षी डर गया.,rashi_pans_transcription.csv,1.920
wavs/Da_39.wav,Designer ने dress का design दिखाया.,rashi_pans_transcription.csv,2.240
wavs/Da_40.wav,डंके की चोट पर बात कही.,rashi_pans_transcription.csv,2.080
wavs/Da_41.wav,डंठल तोड़कर फ़ूल मत तोड़ो.,rashi_pans_transcription.csv,1.760
wavs/Da_43.wav,ड्राइंग रूम में डाइनिंग टेबल है.,rashi_pans_transcription.csv,2.560
wavs/Da_44.wav,ड्योढ़ी पर दस्तक दी.,rashi_pans_transcription.csv,1.920
wavs/Da_45.wav,डूबते को तिनके का सहारा.,rashi_pans_transcription.csv,2.560
wavs/Da_46.wav,डेढ़ बजे delivery होगी.,rashi_pans_transcription.csv,1.920
wavs/Da_47.wav,डेरा डंडा उठाकर चल दिए.,rashi_pans_transcription.csv,2.240
wavs/Da_48.wav,डोरी से डब्बा कसकर बांधा.,rashi_pans_transcription.csv,2.080
wavs/Da_49.wav,डिप्टी साहब ने duty ज्वाइन की.,rashi_pans_transcription.csv,2.080
wavs/Da_50.wav,डफ़ली वाले डफ़ली बजा.,rashi_pans_transcription.csv,1.600
wavs/Ddh_1.wav,ढोल वाला ढीले ढाले कपड़ों में ढंग से ढोल बजा रहा था.,rashi_pans_transcription.csv,3.840
wavs/Ddh_2.wav,ढलान पर ढुलकते ढोल को ढूंढो.,rashi_pans_transcription.csv,2.080
wavs/Ddh_3.wav,ढोंगी ढब्बू ने ढिंढोरा पिटवाया.,rashi_pans_transcription.csv,3.040
wavs/Ddh_4.wav,ढेर सारे ढक्कन ढूंढना ढेढ़ी खीर है.,rashi_pans_transcription.csv,3.200
wavs/Ddh_6.wav,ढाई बजे ढाबा खुलता है.,rashi_pans_transcription.csv,2.720
wavs/Ddh_7.wav,ढिबरी की रोशनी में पढ़ाई की.,rashi_pans_transcription.csv,2.240
wavs/Ddh_8.wav,ढकोसला करने वाले ढोंगी पकड़े गए.,rashi_pans_transcription.csv,2.400
wavs/Ddh_9.wav,ढांचे में ढालकर मूर्ति बनाई.,rashi_pans_transcription.csv,2.560
wavs/Ddh_10.wav,ढब्बू ढपली बजा रहा था.,rashi_pans_transcription.csv,1.760
wavs/Ddh_11.wav,ढर्रे पर चलना छोड़ दो.,rashi_pans_transcription.csv,1.760
wavs/Ddh_13.wav,ढाका से ढाके की मलमल आई.,rashi_pans_transcription.csv,2.080
wavs/Ddh_14.wav,ढहते किले का दृश्य भयानक था.,rashi_pans_transcription.csv,2.720
wavs/Ddh_15.wav,ढेला मारकर आम गिराया.,rashi_pans_transcription.csv,1.760
wavs/Ddh_16.wav,ढूंढ ढांढ कर सामान निकाला.,rashi_pans_transcription.csv,1.920
wavs/Ddh_17.wav,ढक ढांप कर बात मत करो.,rashi_pans_transcription.csv,1.760
wavs/Ddh_18.wav,ढलाई का काम ढंग से करो.,rashi_pans_transcription.csv,1.760
wavs/Ddh_19.wav,ढपोरशंख ने डींगें हांकी.,rashi_pans_transcription.csv,1.760
wavs/Ddh_20.wav,ढेरों मुश्किलें ढेल दीं.,rashi_pans_transcription.csv,1.920
wavs/Dh_1.wav,"ध्रुव ने जंगल में घूमती भालू, शेर, झेब्रा और कछुए को देखा.",rashi_pans_transcription.csv,4.800
wavs/Dh_2.wav,"विद्या धरी शिक्षक ने क्षमा, श्रम, और ज्ञान का पाठ पढ़ाया.",rashi_pans_transcription.csv,4.320
wavs/Dh_3.wav,"धनिया, हल्दी, ज़ीरा और काली मिर्च से बनी सब्ज़ी स्वादिष्ट लगी.",rashi_pans_transcription.csv,4.960
wavs/Dh_4.wav,धूप में झील किनारे बैठे पक्षी सुंदर दृश्य बना रहे थे.,rashi_pans_transcription.csv,4.160
wavs/Dh_5.wav,धोबी ने राजा के मेहेल के सारे कपड़े साफ़ कर दिए.,rashi_pans_transcription.csv,3.520
wavs/Dh_6.wav,ध्यान और योग से शरीर स्वस्थ और मन शांत रेहता है.,rashi_pans_transcription.csv,4.160
wavs/Dh_7.wav,ध्रुव तारा रात में सबसे स्थिर और चमकदार दिखाई देता है.,rashi_pans_transcription.csv,3.680
wavs/Dh_8.wav,ध्वनि प्रदूषण से बच्चों की नींद और पढ़ाई पर असर पड़ता है.,rashi_pans_transcription.csv,3.680
wavs/Dh_9.wav,"धूप, बरसात, और तूफ़ान के बावजूद किसान खेत में मेहनत करता है.",rashi_pans_transcription.csv,4.480
wavs/Dh_10.wav,"धर्म, न्याय और सत्य के मार्ग पर चलना कठिन पर उत्तम है.",rashi_pans_transcription.csv,4.000
wavs/Dh_11.wav,"धन्यवाद, धीरज धरकर ध्यान धरो.",rashi_pans_transcription.csv,2.720
wavs/Dh_12.wav,धनीराम ने धोखे से धन धर लिया.,rashi_pans_transcription.csv,2.080
wavs/Dh_13.wav,धीरे धीरे धूंध धरती पर धंस रही थी.,rashi_pans_transcription.csv,3.200
wavs/Dh_14.wav,धमाकेदार धमाके से धरती धहिल गई.,rashi_pans_transcription.csv,2.240
wavs/Dh_15.wav,धवल ने धनुष धारण किया.,rashi_pans_transcription.csv,1.760
wavs/Dh_16.wav,धरती धन धान्य से भरी है.,rashi_pans_transcription.csv,1.920
wavs/Dh_17.wav,धमकी देकर धूर्त धन्नू भागा.,rashi_pans_transcription.csv,2.080
wavs/Dh_18.wav,धोबी ने धुलाई धड़ाधड़ की.,rashi_pans_transcription.csv,1.920
wavs/Dh_19.wav,धड़ल्ले से धंधा चल रहा है.,rashi_pans_transcription.csv,2.240
wavs/Dh_20.wav,धतूरे का फ़ल ज़हरीला होता है.,rashi_pans_transcription.csv,2.080
wavs/Dh_21.wav,धक्कम धक्का में धोती खुली.,rashi_pans_transcription.csv,1.760
wavs/Dh_22.wav,धमनियों में खून दौड़ता है.,rashi_pans_transcription.csv,2.720
wavs/Dh_23.wav,ध्रुव तारा उत्तर दिशा में दिखता है.,rashi_pans_transcription.csv,2.080
wavs/Dh_24.wav,धरती पर धर्म की ध्वजा फ़हराओ.,rashi_pans_transcription.csv,1.920
wavs/Dh_25.wav,धब्बेदार कपड़ा धूप में सुखाओ.,rashi_pans_transcription.csv,2.560
wavs/Dh_26.wav,धुंधले शीशे से धुंधला दिखता है.,rashi_pans_transcription.csv,1.920
wavs/Dh_27.wav,धरपकड़ में दस लोग पकड़े गए.,rashi_pans_transcription.csv,2.880
wavs/Dh_28.wav,धधकती आग में घी मत डालो.,rashi_pans_transcription.csv,2.240
wavs/Dh_29.wav,धनतेरस पर धनिया खरीदते हैं.,rashi_pans_transcription.csv,1.920
wavs/Dh_30.wav,धड़ से सिर अलग कर दिया.,rashi_pans_transcription.csv,1.760
wavs/Gh_1.wav,घनश्याम घड़ी घड़ी घर घूमने आता है.,rashi_pans_transcription.csv,3.040
wavs/Gh_2.wav,घनघोर घटाएं घिरने की घटना घटी.,rashi_pans_transcription.csv,2.240
wavs/Gh_3.wav,घमंडी घसीटाराम घड़े से घी गिरा बैठा.,rashi_pans_transcription.csv,3.040
wavs/Gh_4.wav,घोड़ा घास घाटी में घूम रहा था.,rashi_pans_transcription.csv,1.920
wavs/Gh_5.wav,घने घने घनेरे घने घूमने गए.,rashi_pans_transcription.csv,2.240
wavs/Gh_6.wav,घायल घूस ने घबराकर घुड़की दी.,rashi_pans_transcription.csv,2.240
wavs/Gh_7.wav,घटिया घाघरा घुमाकर मत पहनो.,rashi_pans_transcription.csv,2.080
wavs/Gh_8.wav,घर घर घूमकर घंटी बजाई.,rashi_pans_transcription.csv,2.080
wavs/Gh_9.wav,घुमावदार घाटियों में घूमना घोर कठिन है.,rashi_pans_transcription.csv,3.840
wavs/Gh_10.wav,घिनावने काम पर घूंघट का पहरा.,rashi_pans_transcription.csv,2.560
wavs/Gh_11.wav,घुसपैठिया घुटनों के बल घुस आया.,rashi_pans_transcription.csv,2.080
wavs/Gh_12.wav,घी का घड़ा घसीटकर ले जाओ.,rashi_pans_transcription.csv,2.240
wavs/Gh_13.wav,घोड़ों की दौड़ घंटों चली.,rashi_pans_transcription.csv,2.080
wavs/Gh_14.wav,घूंघराले बालों वाली लड़की घर आई.,rashi_pans_transcription.csv,2.080
wavs/Gh_15.wav,घमासान युद्ध घटित हुआ.,rashi_pans_transcription.csv,2.720
wavs/Gh_16.wav,घुट घुटकर जीना घोर अपराध है.,rashi_pans_transcription.csv,2.560
wavs/Gh_17.wav,घास पर घोंघा घिसट रहा था.,rashi_pans_transcription.csv,2.400
wavs/Gh_18.wav,घड़ी की घंटी घन घन बजी.,rashi_pans_transcription.csv,1.760
wavs/Gh_19.wav,घबराहट में गला घुटने लगा.,rashi_pans_transcription.csv,1.920
wavs/Gh_20.wav,घुमर नाच घेरदार घाघरे में होता है.,rashi_pans_transcription.csv,2.400
wavs/Jh_1.wav,झरने के झोंके से झूम उठे लोग.,rashi_pans_transcription.csv,2.400
wavs/Jh_2.wav,झील में झरबेरियों की झलक दिखी.,rashi_pans_transcription.csv,2.400
wavs/Jh_4.wav,झूलन झूला झूलते झांक रहा था.,rashi_pans_transcription.csv,5.760
wavs/Jh_5.wav,झाड़ियों में झींगुर झनझना रहे थे.,rashi_pans_transcription.csv,2.880
wavs/Jh_6.wav,झपकी में झूला झटका खा गया.,rashi_pans_transcription.csv,2.720
wavs/Jh_7.wav,झरने की झांझर सी आवाज़ थी.,rashi_pans_transcription.csv,2.240
wavs/Jh_8.wav,झक्कास झांकी झूले पर रखी थी.,rashi_pans_transcription.csv,2.720
wavs/Jh_9.wav,झोंपड़ी में झाड़ू रखी थी.,rashi_pans_transcription.csv,1.920
wavs/Jh_10.wav,झरने से झूले तक झुण्ड में बच्चे दौड़े.,rashi_pans_transcription.csv,3.360
wavs/Jh_11.wav,झबरू झुंझलाकर झटपट झोंपड़ी में चला गया.,rashi_pans_transcription.csv,3.040
wavs/Jh_12.wav,झरने के पास झाड़ियों से झांकना मना है.,rashi_pans_transcription.csv,14.240
wavs/Jh_13.wav,झलमिल झाकियों में झंडा झूम रहा था.,rashi_pans_transcription.csv,2.720
wavs/Jh_14.wav,झूठमूठ की झड़प में झुंड के झुंड झूल गए.,rashi_pans_transcription.csv,3.520
wavs/Jh_15.wav,झांसी की झांकी झकास थी.,rashi_pans_transcription.csv,1.920
wavs/Jh_16.wav,झन झन करती झांझर झड़ गई.,rashi_pans_transcription.csv,2.720
wavs/Jh_17.wav,झोंके ने झरोखे को झकझोर दिया.,rashi_pans_transcription.csv,2.080
wavs/Jh_18.wav,झुमका झील में झट से गिरा.,rashi_pans_transcription.csv,1.760
wavs/Jh_19.wav,झगड़ालू झुमरी ने झगड़ा किया.,rashi_pans_transcription.csv,1.920
wavs/Jh_20.wav,झूठों के झांसे में मत झूलो.,rashi_pans_transcription.csv,1.760
wavs/Jh_21.wav,झरी से झर झर पानी झर रहा था.,rashi_pans_transcription.csv,2.560
wavs/Jh_22.wav,झुकी झुकी नज़र से झांका.,rashi_pans_transcription.csv,1.920
wavs/Jh_23.wav,झल्ली झलर वाला frock पहनती है.,rashi_pans_transcription.csv,2.560
wavs/Jh_24.wav,झुग्गी झोंपड़ी में झगड़ा हुआ.,rashi_pans_transcription.csv,1.760
wavs/Jh_25.wav,झिझक झोड़कर झट से बोलो.,rashi_pans_transcription.csv,1.760
wavs/Jh_26.wav,झोले में झाड़ू झूल रही थी.,rashi_pans_transcription.csv,2.400
wavs/Jh_27.wav,झाल मंजीरे झनझना उठे.,rashi_pans_transcription.csv,2.240
wavs/Jh_28.wav,झिलमिल सितारों की झलक दिखी.,rashi_pans_transcription.csv,1.920
wavs/Jh_29.wav,झुर्रियों भरा चेहरा झांक रहा था.,rashi_pans_transcription.csv,2.720
wavs/Jh_30.wav,झटके से झंडा झुका दिया.,rashi_pans_transcription.csv,1.760
wavs/Kh_1.wav,खरगोश खेत में खेल रहा था.,rashi_pans_transcription.csv,2.080
wavs/Kh_2.wav,खिड़की खुली थी और खुशबू आ रही थी.,rashi_pans_transcription.csv,2.400
wavs/Kh_3.wav,खरबूजा खाते खाते खुश हुआ.,rashi_pans_transcription.csv,2.240
wavs/Kh_4.wav,खगोलशास्त्री ने खग का चित्र खींचा.,rashi_pans_transcription.csv,2.400
wavs/Kh_5.wav,खाट पर खादी का कपड़ा बिछा था.,rashi_pans_transcription.csv,2.400
wavs/Kh_6.wav,खिलाड़ी ने खचाखच भरे मैदान में खेला.,rashi_pans_transcription.csv,2.720
wavs/Kh_7.wav,खुराक में खजूर और खिचड़ी रखी गई.,rashi_pans_transcription.csv,2.880
wavs/Kh_8.wav,खाना खाकर खालिद खैरियत से निकला.,rashi_pans_transcription.csv,2.560
wavs/Kh_9.wav,खंभे के खांचे में खरपतवार उग आई.,rashi_pans_transcription.csv,2.240
wavs/Kh_10.wav,खज़ाना खोजने निकले खग खगोल में उलझ गए.,rashi_pans_transcription.csv,3.360
wavs/Kh_11.wav,खूबसूरत खिड़की से खेत खूब दिखता है.,rashi_pans_transcription.csv,2.720
wavs/Kh_12.wav,खन्नाजी ने खास खबर खाकी कागज पर खिंचवाई.,rashi_pans_transcription.csv,3.680
wavs/Kh_13.wav,खरगोश खतरनाक खड्डे में खिसक गया.,rashi_pans_transcription.csv,2.400
wavs/Kh_14.wav,"खुशी खुशी खाना खाओ, खूब खेलो.",rashi_pans_transcription.csv,2.240
wavs/Kh_15.wav,खटिया पर खत खोलकर खड़े मत रहो.,rashi_pans_transcription.csv,1.920
wavs/Kh_16.wav,खचाखच भरी बस में खड़े रहना खतरनाक है.,rashi_pans_transcription.csv,2.720
wavs/Kh_17.wav,खेलाड़ी ने खेल में खूब नाम कमाया.,rashi_pans_transcription.csv,2.720
wavs/Kh_18.wav,खराब खरबूजे को खाकर खांसी हो गई.,rashi_pans_transcription.csv,2.560
wavs/Kh_19.wav,खलीफ़ा ने खज़ाने का खर्च खुद किया.,rashi_pans_transcription.csv,2.720
wavs/Kh_20.wav,खटमल ने खून खूब पिया.,rashi_pans_transcription.csv,1.760
wavs/Kh_21.wav,खट खट की आवाज़ से खिड़की खुली.,rashi_pans_transcription.csv,1.920
wavs/Kh_22.wav,खपरैल का घर खंडहर बन गया.,rashi_pans_transcription.csv,2.880
wavs/Kh_23.wav,खयाल खूब हैं खर्च कौन करेगा.,rashi_pans_transcription.csv,1.920
wavs/Kh_24.wav,खिलखिलाकर हंसना खुशी की निशानी है.,rashi_pans_transcription.csv,2.560
wavs/Kh_25.wav,खलिहान में फ़सल खराब हो गई.,rashi_pans_transcription.csv,1.920
wavs/Kh_26.wav,खादान से कोयला खोदा गया.,rashi_pans_transcription.csv,1.920
wavs/Kh_27.wav,खमीरी रोटी खाना खास बात थी.,rashi_pans_transcription.csv,2.240
wavs/Kh_28.wav,खोखले पेड़ में खज़ाना खोजो.,rashi_pans_transcription.csv,1.920
wavs/Kh_29.wav,खुजली की दवा खत्म हो गई.,rashi_pans_transcription.csv,1.760
wavs/Kh_30.wav,खाते पीते खानदान का लड़का है.,rashi_pans_transcription.csv,2.080
wavs/P_1.wav,पंकज ने पानीपुरी पसंद की.,rashi_pans_transcription.csv,1.920
wavs/P_2.wav,पतंग पवन में पंख फ़ैलाए उड़ रही थी.,rashi_pans_transcription.csv,3.040
wavs/P_3.wav,पलकों पर पलाश के फूल रखे थे.,rashi_pans_transcription.csv,2.560
wavs/P_4.wav,पापा ने पकौड़ी और पराठे बनाए.,rashi_pans_transcription.csv,2.400
wavs/P_5.wav,पवन पानी से पपीता धो रहा था.,rashi_pans_transcription.csv,3.360
wavs/P_6.wav,पंडित पूजा पाठ में पंक्तिबद्ध थे.,rashi_pans_transcription.csv,3.040
wavs/P_7.wav,पायल पेहेनकर पिंकी park में घूमी.,rashi_pans_transcription.csv,2.720
wavs/P_8.wav,परीक्षा pass करने पर पुरस्कार मिला.,rashi_pans_transcription.csv,2.080
wavs/P_9.wav,पैदल पथ पर पंडाल बना था.,rashi_pans_transcription.csv,2.240
wavs/P_10.wav,प्यासे परिंदे ने पोखर से पानी पिया.,rashi_pans_transcription.csv,2.240
wavs/Ph_1.wav,फलवाले ने फ़टाफट फ़लों को फ़ेंका.,rashi_pans_transcription.csv,2.080
wavs/Ph_2.wav,फ़रीद फ़र्श पर फ़ीसलकर फ़ौरन गिर गया.,rashi_pans_transcription.csv,2.400
wavs/Ph_3.wav,फ़ौजी ने फ़तेहपुर फ़तह किया.,rashi_pans_transcription.csv,1.920
wavs/Ph_4.wav,फ़कीर ने फ़रियाद फ़रमाई.,rashi_pans_transcription.csv,1.920
wavs/Ph_5.wav,फ़ूलों की फ़सल फ़िर से फ़ूटी.,rashi_pans_transcription.csv,1.920
wavs/Ph_6.wav,फ़ुफ़ाजी फ़र्रुखाबाद से फ़िरनी लाए.,rashi_pans_transcription.csv,2.240
wavs/Ph_7.wav,फ़र्श पर फ़ैला फ़ेविकोल फ़ौरन पोंछो.,rashi_pans_transcription.csv,2.400
wavs/Ph_8.wav,Film में फ़नकार ने फ़रक दिखाया.,rashi_pans_transcription.csv,2.240
wavs/Ph_9.wav,फ़टेहाल फ़कीर फ़ुटपाथ पर फ़िरता था.,rashi_pans_transcription.csv,2.560
wavs/Ph_10.wav,फ़ालतू की फ़िक्र करना फ़िज़ूल है.,rashi_pans_transcription.csv,1.920
wavs/Ph_11.wav,फ़ौलादी फ़ाटक फ़टाक से खुला.,rashi_pans_transcription.csv,1.920
wavs/Ph_12.wav,फ़रवरी में function fix हुआ है.,rashi_pans_transcription.csv,1.920
wavs/Ph_13.wav,फ़न फ़ैलाए फ़नकार खड़ा था.,rashi_pans_transcription.csv,1.920
wavs/Ph_14.wav,फड़ फड़ाते पंछी फ़ुर्र से उड़ गए.,rashi_pans_transcription.csv,2.080
wavs/Ph_15.wav,फ़िलहाल फ़ैसला फ़रहान करेगा.,rashi_pans_transcription.csv,2.080
wavs/Ph_16.wav,फ़ूलदान में फ़ुल फ़ब रहे थे.,rashi_pans_transcription.csv,1.760
wavs/Ph_17.wav,फूंक मारकर आग फ़िर जलाई.,rashi_pans_transcription.csv,2.080
wavs/Ph_18.wav,फेंके हुए पत्थर से फल गिरा.,rashi_pans_transcription.csv,2.400
wavs/Ph_19.wav,फ़ीरोज़ि रंग का कपड़ा फैला था.,rashi_pans_transcription.csv,2.240
wavs/Ph_20.wav,फ़रक फ़रक से फ़सल काटी.,rashi_pans_transcription.csv,1.760
wavs/R_N1.wav,राजू रोज़ रसीली रसभरी रसगुल्ला खरीदता है.,rashi_pans_transcription.csv,4.160
wavs/R_N2.wav,रुचिरा ने रीतिकाव्य की रसधारा में रमण किया.,rashi_pans_transcription.csv,4.640
wavs/R_N3.wav,रेखा ने रंगरेज से रेशमी रुमाल रंगवाया.,rashi_pans_transcription.csv,2.720
wavs/R_N4.wav,रवि रोज़ रत्न जड़ित रथ पर round लगाता है.,rashi_pans_transcription.csv,2.880
wavs/R_N5.wav,रीना रसोई में रोज़ राजस्थानी recipe बनाती है.,rashi_pans_transcription.csv,3.360
wavs/R_N6.wav,रात्रि के समय रथ पर रक्षक रणभूमि की ओर रवाना हुए.,rashi_pans_transcription.csv,3.680
wavs/R_N7.wav,रामू ने रंजीत से रुठे रिश्ते रचकर रोशन कर दिए.,rashi_pans_transcription.csv,3.360
wavs/R_N8.wav,रंगमंच पर रोचक रंगारंग कार्यक्रम रोज़ होते हैं.,rashi_pans_transcription.csv,3.040
wavs/R_N9.wav,रिश्तेदारों ने रेहाना को रोते हुए राज़ बताया.,rashi_pans_transcription.csv,3.200
wavs/R_N10.wav,रुद्रवीणा की रुनझुन रागिनी रूह को राहत देती है.,rashi_pans_transcription.csv,4.960
wavs/R_N11.wav,राजसी रौब और रुतबा रखने वाले राजा रोज़ राजसभा लगाते हैं.,rashi_pans_transcription.csv,4.320
wavs/R_N12.wav,राहुल ने रवीश से रिक्त register रद्दी में डालने को कहा.,rashi_pans_transcription.csv,3.520
wavs/R_N13.wav,रौशनी से रौशन रहगुज़र पर राही रुककर रोटी खाता है.,rashi_pans_transcription.csv,4.160
wavs/R_N14.wav,रंग बिरंगे replica rockets रवि ने recharge कर भेजे.,rashi_pans_transcription.csv,3.520
wavs/R_N15.wav,रेलगाड़ी रफ्तार से रनवे को रौंदती हुई रवाना हुई.,rashi_pans_transcription.csv,3.040
wavs/R_N16.wav,रज्जो ने रेशेदार रज़ाई रोज़ रात को ओढ़ी.,rashi_pans_transcription.csv,3.200
wavs/R_N17.wav,"रुपया रोज़ रत्न नहीं बनता, रीत भी रिश्तों से बनती है.",rashi_pans_transcription.csv,3.040
wavs/R_N18.wav,रक्षाबंधन पर रिया ने रोनक के लिए राखी रवाना की.,rashi_pans_transcription.csv,3.200
wavs/R_N19.wav,रागिनी ने रोटी सेंकी और राजू ने रसगुल्ले लाए.,rashi_pans_transcription.csv,3.040
wavs/R_N20.wav,रेखा ने रोते राघव को रंग बिरंगी rubber दी.,rashi_pans_transcription.csv,3.680
wavs/T_1.wav,टमाटर तोते ने टोकरी से उठाया.,rashi_pans_transcription.csv,1.920
wavs/T_2.wav,टोपी वाला tiger टेहला.,rashi_pans_transcription.csv,1.760
wavs/T_3.wav,Train tunnel से तेज़ी से निकली.,rashi_pans_transcription.csv,2.400
wavs/T_4.wav,टिल्लू ने toffee table पर रखी.,rashi_pans_transcription.csv,2.240
wavs/T_5.wav,टोनी torch लेकर टापू गया.,rashi_pans_transcription.csv,2.400
wavs/T_6.wav,टोकरी में टिन के टुकड़े पड़े थे.,rashi_pans_transcription.csv,2.240
wavs/T_7.wav,Tiger tyre पर टिका हुआ था.,rashi_pans_transcription.csv,2.240
wavs/T_8.wav,टिल्लू टिन्टिन की किताब पढ़ रहा था.,rashi_pans_transcription.csv,2.560
wavs/T_9.wav,Ticket counter पर टकराव हुआ.,rashi_pans_transcription.csv,2.240
wavs/T_10.wav,Tractor तेज़ टक्कर से टूट गया.,rashi_pans_transcription.csv,2.400
wavs/T_21.wav,टोकरी में टमाटर टूट गए.,rashi_pans_transcription.csv,1.920
wavs/T_22.wav,टीना ने टोपी पहनकर टाैफी टांगी.,rashi_pans_transcription.csv,2.560
wavs/T_23.wav,टीले पर टहलते टट्टू ने टक्कर मारी.,rashi_pans_transcription.csv,2.720
wavs/T_24.wav,टाय टाय टिटहरी टकटकी लगाकर टापती रही.,rashi_pans_transcription.csv,2.560
wavs/T_25.wav,टब में टपकता पानी टिप टिप कर रहा था.,rashi_pans_transcription.csv,2.720
wavs/T_26.wav,टांगा टम टम करता चला जा रहा था.,rashi_pans_transcription.csv,2.400
wavs/T_27.wav,टेढ़े मेढ़े रास्ते पर truck पलट गया.,rashi_pans_transcription.csv,2.400
wavs/T_28.wav,Table पर tape recorder रखा था.,rashi_pans_transcription.csv,2.560
wavs/T_29.wav,Telephone की घंटी टन टन बजी.,rashi_pans_transcription.csv,2.080
wavs/T_30.wav,टीका टिप्पणी करना ठीक नहीं.,rashi_pans_transcription.csv,2.560
wavs/T_31.wav,टुक टुक देखना बंद करो.,rashi_pans_transcription.csv,1.760
wavs/T_32.wav,Train time पर terminal पहुँची.,rashi_pans_transcription.csv,1.920
wavs/T_33.wav,टोली बनाकर टहलने निकले.,rashi_pans_transcription.csv,1.920
wavs/T_34.wav,Tent लगाकर tourist ठहरे.,rashi_pans_transcription.csv,1.920
wavs/T_35.wav,टिमटिमाते तारे टूट रहे थे.,rashi_pans_transcription.csv,2.240
wavs/T_36.wav,टुकड़ों में रोटी तोड़ो.,rashi_pans_transcription.csv,1.920
wavs/T_37.wav,टाँग में टांके लगे हैं.,rashi_pans_transcription.csv,1.920
wavs/T_38.wav,Typewriter टक टक कर रहा था.,rashi_pans_transcription.csv,1.920
wavs/T_39.wav,Tennis खेलने टोनी गया.,rashi_pans_transcription.csv,1.920
wavs/T_40.wav,टस से मस न होना उसकी आदत है.,rashi_pans_transcription.csv,2.560
wavs/T_N1.wav,तारा तीव्र तूफ़ान में तैरती हुई तुरत लौट आई.,rashi_pans_transcription.csv,3.520
wavs/T_N2.wav,तेज़ तीरंदाज़ तुर्क तुरंत तीर चलाता है.,rashi_pans_transcription.csv,3.680
wavs/T_N3.wav,तृप्त त्रिपाठी ने तुलसी का तीर्थ यात्रा तय किया.,rashi_pans_transcription.csv,3.040
wavs/T_N4.wav,"तुम तेज़ तर्रार तो हो, पर तमीज़ की भी तमीज़ रखो.",rashi_pans_transcription.csv,4.160
wavs/T_N5.wav,तालाब के तट पर तितलियाँओ तृप्ति से तिर रही थीं.,rashi_pans_transcription.csv,3.040
wavs/T_N6.wav,ताऊजी त्रिकोणमिति की कठिन बातें तन्मयता से समझाते हैं.,rashi_pans_transcription.csv,4.480
wavs/T_N7.wav,तात्कालिक तात्पर्य निकालना तटस्थता को दिखाता है.,rashi_pans_transcription.csv,3.680
wavs/T_N8.wav,तेतर तिनके से ताना बाना तुनकते हुए बुनता है.,rashi_pans_transcription.csv,2.720
wavs/T_N9.wav,तीर्थ यात्रा पर ताई ने तपस्वी से तर्क किया.,rashi_pans_transcription.csv,2.720
wavs/T_N10.wav,"तोता तंबू में तैरता नहीं, तूफ़ान में उड़ता है.",rashi_pans_transcription.csv,2.720
wavs/T_N11.wav,तपस्वी की तपस्या से त्रिलोक तक तंद्रा टूटी.,rashi_pans_transcription.csv,4.800
wavs/T_N12.wav,तूफ़ान में तटबंध टूटे तो तत्परता दिखानी चाहिए.,rashi_pans_transcription.csv,3.680
wavs/T_N13.wav,तंदूर में तंदूरी टिक्का तमतमाते ताप में बनता है.,rashi_pans_transcription.csv,3.680
wavs/T_N14.wav,तीखी तकरार से तापमान तक बढ़ जाता है.,rashi_pans_transcription.csv,3.040
wavs/T_N15.wav,"तारों से तावीज़ तक, तसव्वुर में तू ही तू है.",rashi_pans_transcription.csv,3.040
wavs/T_N16.wav,तितली के पंखों की तरह ताज़गी फ़ैलती रहती है.,rashi_pans_transcription.csv,3.200
wavs/T_N17.wav,"त्रुटियों को तर्क से तौला जाता है, ताकत से नहीं.",rashi_pans_transcription.csv,4.160
wavs/T_N18.wav,तेज तुफ़ान तिनकों को तश्तरी से तितर बितर कर देता है.,rashi_pans_transcription.csv,3.520
wavs/T_N19.wav,ताजमहल की तस्वीर देखकर तृप्ति होती है.,rashi_pans_transcription.csv,2.560
wavs/T_N20.wav,तिमिर में तारे तुम्हारे ताप से ताज़गी लाते हैं.,rashi_pans_transcription.csv,3.040
wavs/Th_1.wav,थके हुए थानेदार ने थैला थाली पर थप थपाया.,rashi_pans_transcription.csv,3.520
wavs/Th_2.wav,थोड़ा थोड़ा करके थैला थाम लो.,rashi_pans_transcription.csv,1.760
wavs/Th_3.wav,थल थल करती थुलथुली काया थम गई.,rashi_pans_transcription.csv,2.240
wavs/Th_4.wav,थप्पड़ से थरमस थड़ाक से गिरा.,rashi_pans_transcription.csv,2.720
wavs/Th_5.wav,थकान से थर थर कांपना थमा नहीं.,rashi_pans_transcription.csv,2.400
wavs/Th_6.wav,थाली में थोड़ा खाना था.,rashi_pans_transcription.csv,1.440
wavs/Th_7.wav,थोक के भाव में चीज़ें थोड़ी सस्ती मिलती हैं.,rashi_pans_transcription.csv,3.040
wavs/Th_8.wav,Thermometer से तापमान मापा.,rashi_pans_transcription.csv,1.760
wavs/Th_9.wav,Theater में film देखी.,rashi_pans_transcription.csv,1.920
wavs/Th_10.wav,थक हारकर वह वहीं थम गया.,rashi_pans_transcription.csv,2.240
wavs/Th_11.wav,थूथनी पर मक्खी बैठी थी.,rashi_pans_transcription.csv,1.920
wavs/Th_12.wav,थम्बा थामकर खड़े हो जाओ.,rashi_pans_transcription.csv,1.600
wavs/Th_13.wav,थिरकते कदमों से नाच दिखाया.,rashi_pans_transcription.csv,2.400
wavs/Th_14.wav,थपेड़ों ने नाव को हिला दिया.,rashi_pans_transcription.csv,2.400
wavs/Th_15.wav,थूथू करने से कुछ नहीं होगा.,rashi_pans_transcription.csv,1.920
wavs/Th_16.wav,Thailand की यात्रा थकाऊ थी.,rashi_pans_transcription.csv,2.080
wavs/Th_17.wav,Thermocol की sheet लाओ.,rashi_pans_transcription.csv,1.600
wavs/Th_18.wav,Theory की परीक्षा कठिन थी.,rashi_pans_transcription.csv,1.920
wavs/Th_19.wav,थपथपाकर बच्चे को सुलाया.,rashi_pans_transcription.csv,2.720
wavs/Th_20.wav,थकन उतारने के लिए थोड़ी देर रुको.,rashi_pans_transcription.csv,3.040
wavs/Tth_1.wav,ठेले वाले ने ठीक ठिकाने पर ठेला ठोका.,rashi_pans_transcription.csv,2.240
wavs/Tth_2.wav,ठग ने ठाकुर को ठोकर मारकर ठग लिया.,rashi_pans_transcription.csv,3.040
wavs/Tth_3.wav,ठंडे ठंडे पानी से ठाकुर को ठंड लग गई.,rashi_pans_transcription.csv,4.320
wavs/Tth_4.wav,ठुमक ठुमक कर ठहर ठहर कर चलो.,rashi_pans_transcription.csv,2.400
wavs/Tth_5.wav,ठोस ठिकानों पर ठाठ से ठहरो.,rashi_pans_transcription.csv,2.240
wavs/Tth_6.wav,ठाकुर ने ठहाका ठोका.,rashi_pans_transcription.csv,1.920
wavs/Tth_7.wav,ठिठुरती ठंड में टहलना ठीक नहीं.,rashi_pans_transcription.csv,2.240
wavs/Tth_8.wav,ठसाठस भरी बस में ठेलमठेल हुई.,rashi_pans_transcription.csv,3.200
wavs/Tth_9.wav,ठिगने आदमी ने ठीक बात कही.,rashi_pans_transcription.csv,1.760
wavs/Tth_10.wav,ठेकेदार ने ठेका ठीक से नहीं किया.,rashi_pans_transcription.csv,2.400
wavs/Tth_11.wav,ठोडी पर तिल ठीक लगता है.,rashi_pans_transcription.csv,1.920
wavs/Tth_12.wav,ठप्पे से निशान ठीक लगाओ.,rashi_pans_transcription.csv,2.240
wavs/Tth_13.wav,ठोस लोहे पर हथौड़ा ठोको.,rashi_pans_transcription.csv,1.920
wavs/Tth_14.wav,ठहरकर ठंडे दिमाग से सोचो.,rashi_pans_transcription.csv,2.560
wavs/Tth_15.wav,ठाट बाट से ठाकुर साहब ठहरे.,rashi_pans_transcription.csv,1.920
wavs/Tth_16.wav,ठंडाई ठंडी करके पियो.,rashi_pans_transcription.csv,2.080
wavs/Tth_17.wav,ठुकरा कर मेरा प्यार इंतकाम देखेगी.,rashi_pans_transcription.csv,3.040
wavs/Tth_18.wav,ठीक ठाक दाम में सौदा हुआ.,rashi_pans_transcription.csv,2.400
wavs/Tth_19.wav,"ठोड़ी देर ठहरो, चाय पीकर जाना.",rashi_pans_transcription.csv,2.400
wavs/Tth_20.wav,ठिगने लड़के ने ठोकर खाई.,rashi_pans_transcription.csv,1.920
wavs/Z_P1.wav,ज़रूरी काम निपटाने के बाद थोड़ा आराम करना चाहिए दिमाग को ताज़ा रखने के लिए अवाज़.,rashi_pans_transcription.csv,5.120
wavs/Z_P2.wav,ज़माने की रफ़़्तार के सात चलने वाले व्यक्ति को मिलती है सफ़लता और इज़्ज़त अंदाज़.,rashi_pans_transcription.csv,4.480
wavs/Z_P3.wav,ज़मीन पर गिरे हुए फ़लों को खाने से पेहले अच्छी तरह से धोना ज़रूरी है आज.,rashi_pans_transcription.csv,4.800
wavs/Z_P4.wav,नज़र आते हैं दूर से पहाड़ों के ऊपर बर्फ़़ के सफ़ेद टुकड़े जैसे अद्भुत जहाज़.,rashi_pans_transcription.csv,5.120
wavs/Z_P5.wav,रोजाना व्यायाम करने से शरीर तंदरुस्त रेहता है और दिमाग में होती है तेज़.,rashi_pans_transcription.csv,5.120
wavs/Z_P6.wav,मरीज़ को doctor ने दवाई देकर कहा कि इसे नियमित रूप से लेना है अवश्य नवाज़.,rashi_pans_transcription.csv,5.120
wavs/Z_P7.wav,अख़बार पढ़ते समय सबसे ज़रूरी ख़बरों पर ध्यान देना चाहिए विशेष.,rashi_pans_transcription.csv,3.840
wavs/Z_P8.wav,ज़िंदगी के हर मोड़ पर इंसान को मिलते हैं नए अनुभव और अवसर हर रोज़.,rashi_pans_transcription.csv,4.960
wavs/Z_P9.wav,"तेज़ धूप में बिना छाता के निकलना स्वास्थ्य के लिए हानिकारक है, आवाज़.",rashi_pans_transcription.csv,4.160
wavs/Gen_English_Sentences_1.wav,Hi Elizabeth and Anthony Life is filled with moments that matter.,teleprompter_lines.csv,8.000
wavs/Gen_English_Sentences_2.wav,Treasure each smile every laugh and every hug.,teleprompter_lines.csv,3.200
wavs/Gen_English_Sentences_3.wav,Small gestures can create a big impact.,teleprompter_lines.csv,2.880
wavs/Gen_English_Sentences_4.wav,Celebrate the joy of being together the warmth of companionship.,teleprompter_lines.csv,4.480
wavs/Gen_English_Sentences_5.wav,Stay active remain healthy and be happy.,teleprompter_lines.csv,3.200
wavs/Gen_English_Sentences_6.wav,Appreciate the beauty of each new day.,teleprompter_lines.csv,3.360
wavs/Gen_English_Sentences_7.wav,Find joy in the simple things the unexpected surprises.,teleprompter_lines.csv,4.640
wavs/Gen_English_Sentences_8.wav,Embrace every opportunity and live life to the fullest.,teleprompter_lines.csv,3.200
wavs/Gen_English_Sentences_9.wav,Because you deserve the finest always.,teleprompter_lines.csv,2.560
wavs/Gen_English_Sentences_10.wav,Compassion and generosity brings true joy to our hearts.,teleprompter_lines.csv,3.520
wavs/Gen_English_Sentences_11.wav,A beautiful life is not just about wealth or luxury,teleprompter_lines.csv,3.520
wavs/Gen_English_Sentences_12.wav,It is also about feeling happy and satisfied.,teleprompter_lines.csv,3.040
wavs/Gen_English_Sentences_13.wav,Spending quality time with family and friends adds real joy to our lives.,teleprompter_lines.csv,4.480
wavs/Gen_English_Sentences_14.wav,Finding joy in every little thing and living the day with attention also gives us happiness.,teleprompter_lines.csv,4.800
wavs/Gen_English_Sentences_15.wav,Life is about cherishing moments and making memories with loved ones.,teleprompter_lines.csv,3.680
wavs/Gen_English_Sentences_16.wav,Helping others is an important aspect of living a beautiful life.,teleprompter_lines.csv,4.800
wavs/Gen_English_Sentences_17.wav,When we help others it gives us the feeling of internal satisfaction.,teleprompter_lines.csv,5.440
wavs/Gen_English_Sentences_18.wav,Small acts of kindness such as donating or offering a helping hand can make a big difference.,teleprompter_lines.csv,5.600
wavs/Gen_English_Sentences_19.wav,By contributing to others' well-being we not only improve their lives but also enhance our own.,teleprompter_lines.csv,5.920
wavs/Gen_English_Sentences_20.wav,A beautiful life involves pursuing our dreams and goals.,teleprompter_lines.csv,3.360
wavs/Gen_English_Sentences_21.wav,Even though challenges and obstacles are part of the journey facing them with determination makes us stronger.,teleprompter_lines.csv,7.040
wavs/Gen_English_Sentences_22.wav,Achieving our dreams gives us a sense of accomplishment and adds meaning to our lives.,teleprompter_lines.csv,4.480
wavs/Gen_English_Sentences_23.wav,Working towards our passion makes life more meaningful and beautiful.,teleprompter_lines.csv,4.160
wavs/Gen_English_Sentences_24.wav,To live a beautiful life maintaining good health is essential.,teleprompter_lines.csv,3.680
wavs/Gen_English_Sentences_25.wav,A healthy body and a healthy mind is necessary for living the life with happiness.,teleprompter_lines.csv,5.920
wavs/Gen_English_Sentences_26.wav,Regular exercise a balanced diet and adequate sleep are important for our well-being.,teleprompter_lines.csv,5.120
wavs/Gen_English_Sentences_27.wav,Healthy living helps us stay energetic and face daily challenges with a positive attitude.,teleprompter_lines.csv,5.280
wavs/Gen_English_Sentences_28.wav,A healthy lifestyle is key to experiencing happiness and contentment.,teleprompter_lines.csv,4.320
wavs/Gen_English_Sentences_29.wav,Creativity plays a big role in a beautiful life.,teleprompter_lines.csv,4.320
wavs/Gen_English_Sentences_30.wav,Art music and writing help us express our feelings and feel satisfied.,teleprompter_lines.csv,4.960
wavs/Gen_English_Sentences_31.wav,Creative activities can be a great way to relieve stress and find joy.,teleprompter_lines.csv,4.480
wavs/Gen_English_Sentences_32.wav,These activities help us explore our talents and bring positivity in our lives.,teleprompter_lines.csv,4.480
wavs/Gen_English_Sentences_33.wav,Fashion is a powerful way to express who you are without saying a word.,teleprompter_lines.csv,3.840
wavs/Gen_English_Sentences_34.wav,Once reserved for the rich and famous fashion is now within everyone's reach especially the youth.,teleprompter_lines.csv,6.560
wavs/Gen_English_Sentences_35.wav,What begins as a trend can transform into a style that shapes our attire behavior and lifestyle.,teleprompter_lines.csv,5.440
wavs/Gen_English_Sentences_36.wav,Fashion is not just about looking good; its about feeling confident and bold.,teleprompter_lines.csv,4.800
wavs/Gen_English_Sentences_37.wav,It's a global phenomenon with each country adding its unique flair.,teleprompter_lines.csv,4.320
wavs/Gen_English_Sentences_38.wav,From clothing to lifestyle accents fashion is everywhere.,teleprompter_lines.csv,3.520
wavs/Gen_Sentences_1.wav,Hi अमरजीत सिंघ from लुधियाना नमस्ते मैं हूँ Viraj और मेरी तरफ़ से आपको और आपके परिवार को ढेर सारी शुभकामनाएं.,teleprompter_lines.csv,7.200
wavs/Gen_Sentences_2.wav,दुआ करता हूँ कि आपका हर दिन खुशियों से भरा हो.,teleprompter_lines.csv,2.880
wavs/Gen_Sentences_3.wav,आपका और good-luck का जोड़ हमेशा मज़बूत रहे. Wishing you all the very best. Take care,teleprompter_lines.csv,5.760
wavs/Gen_Sentences_4.wav,Hi स्नेहा  मुख़र्जी and team It's me विराज.,teleprompter_lines.csv,3.040
wavs/Gen_Sentences_5.wav,How are you all doing? A huge shoutout to all of you from my side because I hear कि आपकी team काफ़ी अच्छी progress कर रही है.,teleprompter_lines.csv,7.200
wavs/Gen_Sentences_6.wav,Big congratulations to you. I hope you keep moving forward keep shining and continue to reach greater heights.,teleprompter_lines.csv,6.080
wavs/Gen_Sentences_7.wav,Keep up the good work sending you lots of love and best wishes. Take care.,teleprompter_lines.csv,4.800
wavs/Gen_Sentences_8.wav,Hi अनामिका श्रीवास्तव from जयपुर मैं हूँ विराज. आपको और आपके परिवार को मेरी तरफ़ से नए साल की ढेर सारी बधाई.,teleprompter_lines.csv,7.520
wavs/Gen_Sentences_9.wav,ये नया साल आपके लिए बहुत सारी खुशियाँ success good luck और good health लाए. आपके सभी सपने पूरे हों.,teleprompter_lines.csv,7.040
wavs/Gen_Sentences_10.wav,Always keep smiling and celebrate this with your friends and family. Happy New Year,teleprompter_lines.csv,5.120
wavs/Gen_Sentences_11.wav,Hi इशांक and उमेद Happiness का मतलब सिर्फ़ ख़ुशी से नहीं बल्कि अपनी ज़िंदगी से satisfied रहना भी है.,teleprompter_lines.csv,6.720
wavs/Gen_Sentences_12.wav,जब हम अपनी daily life को enjoy करते हैं और छोटी-छोटी चीज़ों में ख़ुशी ढूंढते हैं तब हम ज़्यादा happy feel करते हैं.,teleprompter_lines.csv,6.560
wavs/Gen_Sentences_13.wav,Friends और family के साथ quality time spend करना भी happiness को बढ़ाता है.,teleprompter_lines.csv,4.480
wavs/Gen_Sentences_14.wav,Simple things जैसे एक अच्छी coffee या थोड़ा हंसी-मज़ाक हमारे दिन को bright बना सकता है.,teleprompter_lines.csv,5.920
wavs/Gen_Sentences_15.wav,Hi रिषिका and रिषभ Good health भी happiness का एक important part है.,teleprompter_lines.csv,4.320
wavs/Gen_Sentences_16.wav,जब हम fit और healthy होते हैं तब हम ज़्यादा ख़ुश feel करते हैं.,teleprompter_lines.csv,3.680
wavs/Gen_Sentences_17.wav,Regular exercise healthy diet और proper sleep लेने से हम अपने body और mind को healthy रख सकते हैं.,teleprompter_lines.csv,5.920
wavs/Gen_Sentences_18.wav,Healthy living हमारी overall well-being को improve करता है जो कि happiness का एक key factor है.,teleprompter_lines.csv,5.920
wavs/Gen_Sentences_19.wav,Hi अंकुर and ऐश्वर्या ख़ूबसूरत जीवन जीने के लिए हमें अपने health का ध्यान रखना ज़रूरी है.,teleprompter_lines.csv,5.920
wavs/Gen_Sentences_20.wav,Healthy body और mind के बिना जीवन का कोई मज़ा नहीं होता.,teleprompter_lines.csv,4.800
wavs/Gen_Sentences_21.wav,रोज़ exercise करना balanced diet लेना और time पे सोना ज़रूरी होता है. जब हम स्वस्थ रहते हैं.,teleprompter_lines.csv,6.400
wavs/Gen_Sentences_22.wav,तो हमारी ऊर्जा बढ़ती है और हम अपने काम को बेहतर तरीक़े से कर पाते हैं.,teleprompter_lines.csv,4.960
wavs/Gen_Sentences_23.wav,ये हमें आनंद भरा जीवन जीने में मदद करता है.,teleprompter_lines.csv,3.040
wavs/Gen_Sentences_24.wav,Hi जयलक्ष्मी ठक्कर Gratefulness happiness का एक key element है. जब हम अपनी life में grateful होते हैं और हर चीज़ को appreciate करते हैं हम ज़्यादा happy feel करते हैं.,teleprompter_lines.csv,11.472
wavs/Gen_Sentences_25.wav,Simple चीज़ों का शुक्रिया अदा करना जैसे एक अच्छा दिन या एक supportive friend हमें ज़िंदगी की real happiness का एहसास दिलाता है.,teleprompter_lines.csv,7.680
wavs/Gen_Sentences_26.wav,Gratitude से हमारे thoughts positive होते हैं और happiness बढ़ जाती है.,teleprompter_lines.csv,4.480
wavs/Gen_Sentences_27.wav,Hi अन्नपूर्णा How are you doing? अपने passion को follow करना- happiness का एक important part है.,teleprompter_lines.csv,5.280
wavs/Gen_Sentences_28.wav,जब हम अपने hobbies और interests को follow करते हैं हम ज़्यादा fulfilled और happy feel करते हैं.,teleprompter_lines.csv,4.960
wavs/Gen_Sentences_29.wav,ये activities हमारे stress को कम करती हैं और हमें एक sense of purpose देती हैं.,teleprompter_lines.csv,4.640
wavs/Gen_Sentences_30.wav,अपने passions को follow करना एक तरह से self-care भी है जो हमें mental peace और happiness provide करता है.,teleprompter_lines.csv,5.760
wavs/Gen_Sentences_31.wav,Hi ओमर इक़बाल Family मेरे लिए सबसे important है. चाहे कुछ भी हो ये हमेशा हमारे साथ रहती है.,teleprompter_lines.csv,5.760
wavs/Gen_Sentences_32.wav,हर ख़ुशी हर दुख में ये हमें support करती है. हमारे family members हमें unconditional प्यार देते हैं.,teleprompter_lines.csv,5.920
wavs/Gen_Sentences_33.wav,और हमेशा साथ खड़े रहते हैं. दिवाली हो या होली परिवार के साथ बिताया हुआ हर पल special है.,teleprompter_lines.csv,6.560
wavs/Gen_Sentences_34.wav,उनके बिना ज़िंदगी अधूरी लगती है.,teleprompter_lines.csv,1.920
wavs/Gen_Sentences_35.wav,इसलिए अपनी family के साथ वक़्त बिताइए उन्हें अपनी ज़िंदगी का हिस्सा बनाइए.,teleprompter_lines.csv,5.120
wavs/Gen_Sentences_36.wav,Hi Doctor पूनम मल्होत्रा कैसे हो आप? मैं हूँ Viraj  और ये है आपके लिए एक छोटा सा surprise,teleprompter_lines.csv,6.080
wavs/Gen_Sentences_37.wav,Happiest birthday to you I hope ये special दिन आपका हर सपना पूरा करे.,teleprompter_lines.csv,4.640
wavs/Gen_Sentences_38.wav,Have a fantastic day May your journey ahead be filled with love laughter and good health. Sending you loads of love. Take care.,teleprompter_lines.csv,7.040
wavs/Gen_Sentences_39.wav,Hi सोनिया and सूरज from Chennai आप दोनों कैसे हो? मैं हूँ विराज and guess what?,teleprompter_lines.csv,5.600
wavs/Gen_Sentences_40.wav,I heard आज आप दोनों की anniversary है. So big congratulations to you both..,teleprompter_lines.csv,4.800
wavs/Gen_Sentences_41.wav,Cheers to your love and all the amazing adventures ahead.,teleprompter_lines.csv,3.360
wavs/Gen_Sentences_42.wav,आप दोनों का प्यार हमेशा रहे बरक़रार.,teleprompter_lines.csv,2.560
wavs/Gen_Sentences_43.wav,God bless you Stay happy. Take care.,teleprompter_lines.csv,2.720
wavs/Gen_Sentences_44.wav,Hi निशांत वर्मा from मुंबई कैसे हैं आप?,teleprompter_lines.csv,3.200
wavs/Gen_Sentences_45.wav,It’s me विराज wishing you and your family a very very happy गणेश चतुर्थी.,teleprompter_lines.csv,5.120
wavs/Gen_Sentences_46.wav,आज का पूरा दिन मौज मस्ती से बिताइए.,teleprompter_lines.csv,2.400
wavs/Gen_Sentences_47.wav,जीवन में खुशियाँ हमेशा बनी रहनी चाहिए Wishing you lots of love luck and happiness.,teleprompter_lines.csv,5.280
wavs/Gen_Sentences_48.wav,Sending my best-est wishes. Take care.,teleprompter_lines.csv,3.040
wavs/Gen_Sentences_49.wav,Acting की दुनिया में काम करना एक adventure है.,teleprompter_lines.csv,2.720
wavs/Gen_Sentences_50.wav,इसमें हर दिन नए challenges और opportunities आती हैं.,teleprompter_lines.csv,3.520
wavs/Gen_Sentences_51.wav,Acting की दुनिया में अपना career शुरू करना एक thrilling और challenging process था.,teleprompter_lines.csv,5.440
wavs/Gen_Sentences_52.wav,Auditions और casting calls में जाना और अपनी acting skills को showcase करना.,teleprompter_lines.csv,4.800
wavs/Gen_Sentences_53.wav,ये मेहनत और लगन का काम है.,teleprompter_lines.csv,2.720
wavs/Gen_Sentences_54.wav,Acting profession में energy और flexibility भी होना ज़रूरी है.,teleprompter_lines.csv,3.520
wavs/Gen_Sentences_55.wav,Film shoots और TV के लिए कभी-कभी दिन भर shoot करना पड़ता है.,teleprompter_lines.csv,3.840
wavs/Gen_Sentences_56.wav,जो physically और mentally challenging होता है.,teleprompter_lines.csv,3.200
wavs/Gen_Sentences_57.wav,But set पे काम कर रहे सारे लोगों की मेहनत जब रंग लाती है तो सारी थकान दूर हो जाती है.,teleprompter_lines.csv,5.280
wavs/Gen_Sentences_58.wav,Acting के career में आगे बढ़ने के लिए हमेशा सीखते रहना चाहिए.,teleprompter_lines.csv,4.000
wavs/Gen_Sentences_59.wav,Workshops और acting classes मेरे लिए important हैं.,teleprompter_lines.csv,2.720
wavs/Gen_Sentences_60.wav,यहाँ मैं अपनी कला को बेहतर और नए अंदाज़ से पेश करना सीखता हूँ.,teleprompter_lines.csv,4.480
wavs/Gen_Sentences_61.wav,एक important lesson जो मैंने सीखा वो ये है कि acting सिर्फ dialogues बोलने से नहीं होती.,teleprompter_lines.csv,5.600
