track,clip_id,start_sec,end_sec,text
track_001,ABB_1,0.000,3.640,आज I I T के छात्रों ने A I पर शोध करके ज्ञान वृद्धी की है.
track_001,ABB_2,4.040,8.250,C E O ने कहा कि M B A करने वाले युवा कुशल और बुद्धिमान हैं.
track_001,ABB_4,8.650,13.060,G P S की मदद से U S A जाने वाला युवक सही रास्ता खोज़ सकेगा.
track_001,ABB_5,13.460,17.160,C B I officer ने गुप्त जांच करके षड्यंत्र का भंडाफोड़ किया है.
track_001,ABB_6,17.560,22.170,I T company में P D F file को U S B में copy करने का काम शुरू हुआ.
track_001,ABB_7,22.570,27.440,R B I governor ने G S T और E P F नीति पर महत्वपूर्ण घोषणा की थी.
track_001,ABB_8,27.840,31.570,W H O की report में COVID के नए वेरिएंट की जानकारी छपी है.
track_001,ABB_9,31.970,35.880,I S R O के वैज्ञानिक ने चांद पर पहुंचने वाला यान सफलतापूर्वक भेजा.
track_001,ABB_10,36.280,40.240,U G C ने P H D करने वाले छात्रों के लिए नई छात्रवृत्ति शुरू की.
track_001,ABB_11,40.640,45.230,S B I bank में A T M से पैसे निकालते समय O T P डालना ज़रूरी है.
track_001,ABB_12,45.630,50.130,B B C news में U K और U S A के बीच व्यापारिक समझौते की चर्चा हुई.
track_001,ABB_13,50.530,54.600,नासा के अंतरिक्ष यात्री ने I S S से पृथ्वी की खूबसूरत तस्वीर खींची.
track_001,ABB_14,55.000,58.180,फ़िफ़ा world cup में भारतीय team का खिलाड़ी बहुत कुशलता से खेला.
track_002,ABB_15,0.000,3.570,युनेस्को ने भारत की सांस्कृतिक धरोहर को विश्व विरासत घोषित किया.
track_002,ABB_16,3.970,8.520,C B S E board के छात्रों ने बार्वीं कक्षा में गणित और विज्ञान में अच्छे अंक पाए.
track_002,ABB_17,8.920,13.150,N G O ने H I V positive मरीज़ों के लिए दवाइयों का वितरण शुरू किया है.
track_002,ABB_18,13.550,17.300,Pin code डालकर A T M card से पैसे निकालना सुरक्षित और आसान है.
track_002,ABB_19,17.700,21.070,T V पर C N N news देखते समय बच्चों को अक्षर ज्ञान भी मिलता है.
track_002,ABB_20,21.470,25.420,D V D player में C D लगाकर पुराने गाने सुनना आज भी रोचक लगता है.
track_002,ABB_21,25.820,28.030,M R B Traders से मुझे अच्छा सामान मिलता है.
track_002,ABB_22,28.430,31.440,S B Electronics की दुकान में नए model के phone आ गए हैं.
track_002,ABB_23,31.840,34.530,D K Electronics वाले भैया बहुत ईमानदार हैं.
track_002,ABB_24,34.930,37.480,R K Cycle Stores से बच्चों के लिए cycle खरीदी है.
track_002,ABB_25,37.880,39.980,P V Garments में सबसे सस्ते कपड़े मिलते हैं.
track_002,ABB_26,40.380,42.630,J S Medical Store से दवाई लेकर आना है.
track_002,ABB_27,43.030,45.240,K L Books Center में सभी किताबें उपलब्ध हैं.
track_002,ABB_28,45.640,47.930,M N Hardware Store से घर के लिए सामान ले आओ.
track_002,ABB_30,48.330,50.930,V K Jewellers की दुकान में सोने चांदी के गहने हैं.
track_002,ABB_31,51.330,54.250,L M Sweets Corner से रसगुल्ले और जलेबी मंगवा दो.
track_002,ABB_32,54.650,57.680,R S Computer Center में laptop repair का काम होता है.
track_003,ABB_33,0.000,2.670,T N Auto Parts में गाड़ी के सभी पुर्जे मिल जाते हैं.
track_003,ABB_34,3.070,5.830,H K Optical Store से चश्मा बनवाना बहुत सस्ता है.
track_003,ABB_35,6.230,9.020,C R Furniture Mart से घर का सारा furniture खरीदा था.
track_003,ABB_36,9.420,11.940,G P Sports Store में cricket और football का सामान है.
track_003,ABB_37,12.340,14.800,B D Music Store से guitar और तबला खरीदना है.
track_003,ABB_38,15.200,18.490,"S K Stationery Shop में pen, pencil और copy मिलती है."
track_003,ABB_39,18.890,21.660,N R Gift Corner से जन्मदिन के लिए तोहफ़ा ले आना.
track_003,ABB_40,22.060,24.380,F M Tea Stall पर सबसे अच्छी चाय मिलती है.
track_003,B_P1,24.780,28.000,बगीचे में खिलते गुलाब को देखकर सबका मन होता है अब शुभ.
track_003,B_P2,28.400,31.610,भारत के सभी नागरिक मिलकर देश का विकास करते हैं अजब.
track_003,B_P3,32.010,35.480,बच्चों ने सबके सामने भाषण दिया और पाया पुरस्कार अगाध जवाब.
track_003,B_P4,35.880,38.670,भोजन करते समय सबको शांति से बैठकर खाना चाहिए आदाब.
track_003,B_P5,39.070,43.130,बर्फ़ीली पहाड़ियों पर चढ़ते हुए सबने देखी प्रकृति की अद्भुत छटा अजीब.
track_003,B_P6,43.530,46.710,भगवान की कृपा से सबको मिलता है जीवन में सुख और लाभ.
track_003,B_P7,47.110,51.120,बादल गरजते हैं और बिजली चमकती है तब सब होते हैं आश्चर्य में डूब.
track_003,B_P8,51.520,55.090,भेड़िया जंगल में घूमता है जबकि खरगोश बिल में छिपकर रेहता अब.
track_003,B_P9,55.490,58.390,बाज़ार से खरीदे हुए सामान को सभी लोग घर लाते हैं शुभ.
track_004,B_P10,0.000,3.190,भोर के समय उठकर सबसे पेहले व्यायाम करना स्वास्थ्य का लाभ.
track_004,Balanced_sentences_1,3.590,5.670,The dw string squeezes the strange drill.
track_004,Balanced_sentences_2,6.070,8.270,They trained the prize with this bright splash.
track_004,Balanced_sentences_3,8.670,10.880,They drilled the shrimp with this quick cliff.
track_004,Balanced_sentences_4,11.280,13.420,The tr slope splashes the quick prize.
track_004,Balanced_sentences_5,13.820,16.120,Please shrink the thin scribe before scoring it.
track_004,Balanced_sentences_6,16.520,18.710,The sk snack drills the giant scribe.
track_004,Balanced_sentences_7,19.110,21.230,They stretched the twist with the glossy shrimp.
track_004,Balanced_sentences_8,21.630,24.420,Please throttle the brisk splash before screening it.
track_004,Balanced_sentences_9,24.820,27.320,Please quickly scan the quiet plane before sketching it.
track_004,Balanced_sentences_10,27.720,29.640,They shrunk the throne with one quick drill.
track_004,Balanced_sentences_11,30.040,32.250,They stretched the cliff with one quiet grape.
track_004,Balanced_sentences_12,32.650,35.270,Please shrink the glossy splash before storing it.
track_004,Balanced_sentences_13,35.670,37.760,They trained the breeze with this square square.
track_004,Balanced_sentences_14,38.160,40.310,They splashed the queen with this glossy glove.
track_004,Balanced_sentences_15,40.710,43.210,The fl slope stretches the brisk square.
track_004,Balanced_sentences_16,43.610,45.800,The tw glove shrinks the glossy breeze.
track_004,Balanced_sentences_17,46.200,48.320,They thrived the scribe with a giant slope.
track_004,Balanced_sentences_18,48.720,51.640,Please quickly scan the bright throne before scoring it.
track_004,Balanced_sentences_19,52.040,54.370,The FR dwell squeezes the quiet frame.
track_004,Balanced_sentences_20,54.770,57.250,The SL cliff trains the bright twist.
track_004,Balanced_sentences_21,57.650,59.950,Please press the strange drill before shipping it.
track_005,Balanced_sentences_22,0.000,2.140,They splashed the slope with one crisp swarm.
track_005,Balanced_sentences_23,2.540,5.050,They scribed the prize with one giant slope.
track_005,Balanced_sentences_24,5.450,7.380,They scribed the dwell with the gentle frame.
track_005,Balanced_sentences_25,7.780,10.050,Please frame the giant string before storing it.
track_005,Balanced_sentences_26,10.450,12.420,They trained the sprint with the brisk sprint.
track_005,Balanced_sentences_27,12.820,14.850,They cracked the flame with that giant square.
track_005,Balanced_sentences_28,15.250,17.480,Please press the strange skirt before sketching it.
track_005,Balanced_sentences_29,17.880,19.870,Please clean the quiet breeze before shipping it.
track_005,Balanced_sentences_30,20.270,22.840,Please square the strange skirt before scrolling it.
track_005,Balanced_sentences_H_1,23.240,26.330,"कृपया अनुरोध को परसों तक प्रेषण दें, फिऱ साझा करें."
track_005,Balanced_sentences_H_2,26.730,28.950,क्या भोपाल में demo के लिए समीक्षा हो गई है?
track_005,Balanced_sentences_H_3,29.350,31.560,क्या इंदौर में meeting के लिए rehearsal हो गई है?
track_005,Balanced_sentences_H_4,31.960,34.310,अभय ने डेटा का जाँच करके सुधार प्राप्त किया.
track_005,Balanced_sentences_H_5,34.710,37.130,क्या भोपाल में कार्यशाला के लिए व्यवस्था हो गई है?
track_005,Balanced_sentences_H_6,37.530,41.100,"कृपया प्रस्ताव को परसों तक समीक्षा दें, फ़िर restart करें."
track_005,Balanced_sentences_H_7,41.500,44.050,"कृपया model को तुरंत तक वितरण दें, फ़िर track करें."
track_005,Balanced_sentences_H_8,44.450,46.650,क्या दिल्ली में समारोह के लिए तैयारी हो गई है?
track_005,Balanced_sentences_H_9,47.050,49.810,"कृपया योजना को परसों तक समीक्षा दें, फ़िर साझा करें."
track_005,Balanced_sentences_H_10,50.210,53.890,"कृपया report को अगले सोमवार तक परिनियोजन दें, फ़िर टिप्पणी करें."
track_005,Balanced_sentences_H_11,54.290,57.090,"कृपया report को कल तक वितरण दें, फ़िर टिप्पणी करें."
track_006,Balanced_sentences_H_12,0.000,3.390,"कृपया दस्तावेज़ को परसों तक प्रेषण दें, फ़िर archive करें."
track_006,Balanced_sentences_H_13,3.790,6.920,"कृपया योजना को तुरंत तक जाँच दें, फ़िर restart करें."
track_006,Balanced_sentences_H_14,7.320,10.200,"कृपया report को परसों तक वितरण दें, फ़िर archive करें."
track_006,Balanced_sentences_H_15,10.600,13.810,ज्ञानेन्द्र ने उत्पाद का upload करके अनुमोदन प्राप्त किया.
track_006,Balanced_sentences_H_16,14.210,16.320,क्या लखनऊ में समारोह के लिए तैयारी हो गई है?
track_006,Balanced_sentences_H_17,16.720,19.110,क्या पटना में समारोह के लिए व्यवस्था हो गई है?
track_006,Balanced_sentences_H_18,19.510,22.230,कृतिका ने अनुरोध का जाँच करके सुधार प्राप्त किया.
track_006,Balanced_sentences_H_19,22.630,25.150,क्या चंडीगढ़ में समारोह के लिए समीक्षा हो गई है?
track_006,Balanced_sentences_H_20,25.550,28.260,फ़ैज़ ने script का मंज़ूरी करके उन्नयन प्राप्त किया.
track_006,Bh_1,28.660,30.910,भोले भक्त भगवान को भूलकर भोजन नहीं करते.
track_006,Bh_2,31.310,33.060,भव्य भवन की भूमि भारत में है.
track_006,Bh_3,33.460,35.720,भयभीत भाई भारी भाग दौड़ में भाग रहा था.
track_006,Bh_4,36.120,37.320,भल्लू भैंस से भिड़ गया.
track_006,Bh_5,37.720,39.550,भरपेट भोजन के भरोसे मत भैठो.
track_006,Bh_6,39.950,41.570,भारत भूषण ने भयानक भूल की.
track_006,Bh_7,41.970,43.230,भोली भाली भाभी भाजी लाईं.
track_006,Bh_8,43.630,45.570,भेड़ बकरियों की भीड़ भयानक थी.
track_006,Bh_9,45.970,48.000,भविष्य की बातें भविष्यवक्ता ने बताईं.
track_006,Bh_10,48.400,50.110,भवन में भयंकर भूकंप आया.
track_006,Bh_11,50.510,52.340,भष्टाचार के खिलाफ़ भाषण हुआ.
track_006,Bh_12,52.740,54.300,भिखारी भीख मांगने भीतर आया.
track_006,Bh_13,54.700,56.410,भादों के महीने में भारी बारिश हुई.
track_006,Bh_14,56.810,58.160,भैंस का भोजन भूसा है.
track_006,Bh_15,58.560,59.990,भिंडी की भाजी भैया ने बनाई.
track_007,Bh_16,0.000,1.290,भलाई का जमाना बीत गया.
track_007,Bh_17,1.690,3.280,भड़कीले कपड़े भद्दे लगते हैं.
track_007,Bh_18,3.680,5.040,भाप से भोजन भाप में पका.
track_007,Bh_19,5.440,6.880,भूखे भजन न होय गोपाला.
track_007,Bh_20,7.280,8.630,भरी सभा में भेद खुल गया.
track_007,Ch_2,9.030,10.840,छोटू छत से छिपकर छाता छीन लाया.
track_007,Ch_3,11.240,13.160,छह छात्रों ने छज्जे से छलांग लगाई.
track_007,Ch_4,13.560,15.580,छम छम करती छाया छोटी छतरी ले आई.
track_007,Ch_5,15.980,17.820,छींकते छींकते छोटेलाल छिप गए.
track_007,Ch_7,18.220,20.090,छापा मारकर पुलिस ने छगन को पकड़ा.
track_007,Ch_8,20.490,21.660,छलनी में छोले छान लो.
track_007,Ch_9,22.060,24.090,छोटी सी छूट पर छोकरा छुईमुई बन गया.
track_007,Ch_10,24.490,26.660,छल्ले के चक्कर में छवि ने सब छोड़ दिया.
track_007,Ch_11,27.060,28.530,छल छल करता पानी छलका.
track_007,Ch_12,28.930,30.350,छाती पर छपा चित्र छुपाओ.
track_007,Ch_13,30.750,32.390,छप्पन छूरियाें से छलनी कर दिया.
track_007,Ch_15,32.790,34.740,छाया ने छंद की छह पंक्तियाँ छांटी.
track_007,Ch_16,35.140,36.750,छुप छुपकर छींटाकशी मत करो.
track_007,Ch_17,37.150,38.500,छील छालकर सब्ज़ी बनाओ.
track_007,Ch_18,38.900,40.220,छुहारा छात्रों में बाँट दो.
track_007,Ch_19,40.620,42.360,छोटे से छोले भटूरे की दुकान थी.
track_007,Ch_20,42.760,44.290,छल करोगे तो छूट नहीं मिलेगी.
track_007,D_2,44.690,45.960,दरवाज़ा देर से दरक गया.
track_007,D_3,46.360,47.830,दर्पण में देवी का दर्शन हुआ.
track_007,D_4,48.230,49.830,दवाइयाँ देने वाला दासु आया.
track_007,D_5,50.230,51.600,दुकानदार ने दही दोना दिया.
track_007,D_6,52.000,53.840,दिल्ली में दर्शन हेतु दल रवाना हुआ.
track_007,D_7,54.240,56.170,दरबार में दरोगा दस्तक देकर दाख़िल हुआ.
track_007,D_8,56.570,58.750,दिलीप ने दस्तावेज़ दफ़़्तर में दिए.
track_008,D_9,0.000,1.900,दंगों से डरकर लोग दूर चले गए.
track_008,D_10,2.300,4.140,दरिया के दाएं ओर दलदल था.
track_008,D_P1,4.540,7.010,दिल्ली के बाज़ार में डिब्बे खरीदकर घर पहुंचे मोत.
track_008,D_P2,7.410,10.030,दिनभर काम करके थोड़ा आराम हमें मिलता है आनंद.
track_008,D_P3,10.430,13.680,डमरू बजाते हुए सड़क पर नृत्य करते हुए पोहंचे मंदिर शब्द.
track_008,D_P4,14.080,17.680,"धरती पर जीवन की खुशियों को पाने के लिए मेहनत करते हैं, निर्विवाद."
track_008,D_P5,18.080,22.720,दूर से आती हुई आवाज़ सुनकर बच्चे दौड़ पड़े घबराकर समुद्र तट के पास यद्वद्.
track_008,D_P6,23.120,27.760,डिब्बों में बंद खाद्य पदार्थ को सावधानी से देखकर खरीदें स्वास्थ्य हित प्रमुद.
track_008,D_P7,28.160,33.270,"दरवाज़े पर दस्तक देकर अंदर आया वह व्यक्ति, जो था, विद्वान प्रसिद्ध."
track_008,D_P8,33.670,38.200,"ढाई किलो आटे में मिलाकर, नमक स्वादिष्ट पकवान बनाया गया अनमोल प्रसाद."
track_008,D_P9,38.600,42.640,दुकान से खरीदे हुए डिब्बे को खोलकर देखा अंदर था उपहार अप्रतिम अनुवाद.
track_008,D_P10,43.040,46.910,धनुष लेकर युद्ध में जाने वाले योद्धा को मिला सम्मान अपरंपार अखंड.
track_008,Da_1,47.310,49.000,डमरू डाँसते dimple के पास था.
track_008,Da_2,49.400,50.940,डाकिया डाक देने डगर पे निकला.
track_008,Da_3,51.340,53.470,डिब्बे में double रोटी रखी थी.
track_008,Da_4,53.870,55.210,Dimple ने doggy को डांटा.
track_008,Da_5,55.610,56.820,Driver ने diesel डाल दिया.
track_008,Da_6,57.220,59.100,Dinosaur dress पेहेन कर डराया.
track_009,Da_7,0.000,1.590,डब्बू ने डोरी से डब्बा बांधा.
track_009,Da_8,1.990,3.520,Doctor duty पर देर से पोहंचे.
track_009,Da_9,3.920,5.420,Drama देखने दर्शक डट गए.
track_009,Da_10,5.820,7.340,Desk पर dictionary रखी थी.
track_009,Da_31,7.740,9.800,डाकिया डाक डालने डरते डरते डाकघर गया.
track_009,Da_32,10.200,11.960,डब्बू ने डंडे से डमरू डरा दिया.
track_009,Da_34,12.360,14.440,डरावनी डायन डगर डगर डोल रही थी.
track_009,Da_35,14.840,16.690,डाकू ने डकैती डालने का डांव खेला.
track_009,Da_36,17.090,18.750,Doctor ने drip लगाकर डोज दिया.
track_009,Da_37,19.150,21.190,डगमगाते कदमों से डगर पार की.
track_009,Da_38,21.590,22.980,डाल पर बैठा पक्षी डर गया.
track_009,Da_39,23.380,25.150,Designer ने dress का design दिखाया.
track_009,Da_40,25.550,26.920,डंके की चोट पर बात कही.
track_009,Da_41,27.320,28.730,डंठल तोड़कर फ़ूल मत तोड़ो.
track_009,Da_43,29.130,30.550,ड्राइंग रूम में डाइनिंग टेबल है.
track_009,Da_44,30.950,32.050,ड्योढ़ी पर दस्तक दी.
track_009,Da_45,32.450,34.150,डूबते को तिनके का सहारा.
track_009,Da_46,34.550,35.750,डेढ़ बजे delivery होगी.
track_009,Da_47,36.150,37.610,डेरा डंडा उठाकर चल दिए.
track_009,Da_48,38.010,39.640,डोरी से डब्बा कसकर बांधा.
track_009,Da_49,40.040,41.620,डिप्टी साहब ने duty ज्वाइन की.
track_009,Da_50,42.020,43.300,डफ़ली वाले डफ़ली बजा.
track_009,Ddh_1,43.700,46.490,ढोल वाला ढीले ढाले कपड़ों में ढंग से ढोल बजा रहा था.
track_009,Ddh_2,46.890,48.510,ढलान पर ढुलकते ढोल को ढूंढो.
track_009,Ddh_3,48.910,50.550,ढोंगी ढब्बू ने ढिंढोरा पिटवाया.
track_009,Ddh_4,50.950,53.320,ढेर सारे ढक्कन ढूंढना ढेढ़ी खीर है.
track_009,Ddh_6,53.720,55.150,ढाई बजे ढाबा खुलता है.
track_009,Ddh_7,55.550,57.060,ढिबरी की रोशनी में पढ़ाई की.
track_009,Ddh_8,57.460,59.480,ढकोसला करने वाले ढोंगी पकड़े गए.
track_010,Ddh_9,0.000,1.460,ढांचे में ढालकर मूर्ति बनाई.
track_010,Ddh_10,1.860,3.190,ढब्बू ढपली बजा रहा था.
track_010,Ddh_11,3.590,4.820,ढर्रे पर चलना छोड़ दो.
track_010,Ddh_13,5.220,6.780,ढाका से ढाके की मलमल आई.
track_010,Ddh_14,7.180,8.890,ढहते किले का दृश्य भयानक था.
track_010,Ddh_15,9.290,10.590,ढेला मारकर आम गिराया.
track_010,Ddh_16,10.990,12.580,ढूंढ ढांढ कर सामान निकाला.
track_010,Ddh_17,12.980,14.320,ढक ढांप कर बात मत करो.
track_010,Ddh_18,14.720,15.910,ढलाई का काम ढंग से करो.
track_010,Ddh_19,16.310,17.690,ढपोरशंख ने डींगें हांकी.
track_010,Ddh_20,18.090,19.290,ढेरों मुश्किलें ढेल दीं.
track_010,Dh_1,19.690,24.010,"ध्रुव ने जंगल में घूमती भालू, शेर, झेब्रा और कछुए को देखा."
track_010,Dh_2,24.410,28.310,"विद्या धरी शिक्षक ने क्षमा, श्रम, और ज्ञान का पाठ पढ़ाया."
track_010,Dh_3,28.710,32.460,"धनिया, हल्दी, ज़ीरा और काली मिर्च से बनी सब्ज़ी स्वादिष्ट लगी."
track_010,Dh_4,32.860,36.220,धूप में झील किनारे बैठे पक्षी सुंदर दृश्य बना रहे थे.
track_010,Dh_5,36.620,39.370,धोबी ने राजा के मेहेल के सारे कपड़े साफ़ कर दिए.
track_010,Dh_6,39.770,42.830,ध्यान और योग से शरीर स्वस्थ और मन शांत रेहता है.
track_010,Dh_7,43.230,46.440,ध्रुव तारा रात में सबसे स्थिर और चमकदार दिखाई देता है.
track_010,Dh_8,46.840,50.010,ध्वनि प्रदूषण से बच्चों की नींद और पढ़ाई पर असर पड़ता है.
track_010,Dh_9,50.410,54.450,"धूप, बरसात, और तूफ़ान के बावजूद किसान खेत में मेहनत करता है."
track_010,Dh_10,54.850,58.420,"धर्म, न्याय और सत्य के मार्ग पर चलना कठिन पर उत्तम है."
track_011,Dh_11,0.000,2.010,"धन्यवाद, धीरज धरकर ध्यान धरो."
track_011,Dh_12,2.410,4.080,धनीराम ने धोखे से धन धर लिया.
track_011,Dh_13,4.480,6.620,धीरे धीरे धूंध धरती पर धंस रही थी.
track_011,Dh_14,7.020,8.850,धमाकेदार धमाके से धरती धहिल गई.
track_011,Dh_15,9.250,10.600,धवल ने धनुष धारण किया.
track_011,Dh_16,11.000,12.340,धरती धन धान्य से भरी है.
track_011,Dh_17,12.740,14.400,धमकी देकर धूर्त धन्नू भागा.
track_011,Dh_18,14.800,16.080,धोबी ने धुलाई धड़ाधड़ की.
track_011,Dh_19,16.480,17.850,धड़ल्ले से धंधा चल रहा है.
track_011,Dh_20,18.250,19.940,धतूरे का फ़ल ज़हरीला होता है.
track_011,Dh_21,20.340,21.720,धक्कम धक्का में धोती खुली.
track_011,Dh_22,22.120,23.370,धमनियों में खून दौड़ता है.
track_011,Dh_23,23.770,25.320,ध्रुव तारा उत्तर दिशा में दिखता है.
track_011,Dh_24,25.720,27.280,धरती पर धर्म की ध्वजा फ़हराओ.
track_011,Dh_25,27.680,29.250,धब्बेदार कपड़ा धूप में सुखाओ.
track_011,Dh_26,29.650,31.350,धुंधले शीशे से धुंधला दिखता है.
track_011,Dh_27,31.750,33.330,धरपकड़ में दस लोग पकड़े गए.
track_011,Dh_28,33.730,35.160,धधकती आग में घी मत डालो.
track_011,Dh_29,35.560,37.120,धनतेरस पर धनिया खरीदते हैं.
track_011,Dh_30,37.520,38.820,धड़ से सिर अलग कर दिया.
track_011,Gh_1,39.220,41.330,घनश्याम घड़ी घड़ी घर घूमने आता है.
track_011,Gh_2,41.730,43.590,घनघोर घटाएं घिरने की घटना घटी.
track_011,Gh_3,43.990,46.240,घमंडी घसीटाराम घड़े से घी गिरा बैठा.
track_011,Gh_4,46.640,48.060,घोड़ा घास घाटी में घूम रहा था.
track_011,Gh_5,48.460,50.310,घने घने घनेरे घने घूमने गए.
track_011,Gh_6,50.710,52.440,घायल घूस ने घबराकर घुड़की दी.
track_011,Gh_7,52.840,54.520,घटिया घाघरा घुमाकर मत पहनो.
track_011,Gh_8,54.920,56.430,घर घर घूमकर घंटी बजाई.
track_011,Gh_9,56.830,59.030,घुमावदार घाटियों में घूमना घोर कठिन है.
track_012,Gh_10,0.000,1.760,घिनावने काम पर घूंघट का पहरा.
track_012,Gh_11,2.160,3.820,घुसपैठिया घुटनों के बल घुस आया.
track_012,Gh_12,4.220,5.720,घी का घड़ा घसीटकर ले जाओ.
track_012,Gh_13,6.120,7.470,घोड़ों की दौड़ घंटों चली.
track_012,Gh_14,7.870,9.600,घूंघराले बालों वाली लड़की घर आई.
track_012,Gh_15,10.000,11.540,घमासान युद्ध घटित हुआ.
track_012,Gh_16,11.940,13.700,घुट घुटकर जीना घोर अपराध है.
track_012,Gh_17,14.100,15.720,घास पर घोंघा घिसट रहा था.
track_012,Gh_18,16.120,17.460,घड़ी की घंटी घन घन बजी.
track_012,Gh_19,17.860,19.370,घबराहट में गला घुटने लगा.
track_012,Gh_20,19.770,21.850,घुमर नाच घेरदार घाघरे में होता है.
track_012,Jh_1,22.250,23.930,झरने के झोंके से झूम उठे लोग.
track_012,Jh_2,24.330,26.110,झील में झरबेरियों की झलक दिखी.
track_012,Jh_4,26.510,28.210,झूलन झूला झूलते झांक रहा था.
track_012,Jh_5,28.610,30.350,झाड़ियों में झींगुर झनझना रहे थे.
track_012,Jh_6,30.750,32.410,झपकी में झूला झटका खा गया.
track_012,Jh_7,32.810,34.360,झरने की झांझर सी आवाज़ थी.
track_012,Jh_8,34.760,36.560,झक्कास झांकी झूले पर रखी थी.
track_012,Jh_9,36.960,38.290,झोंपड़ी में झाड़ू रखी थी.
track_012,Jh_10,38.690,40.900,झरने से झूले तक झुण्ड में बच्चे दौड़े.
track_012,Jh_11,41.300,43.670,झबरू झुंझलाकर झटपट झोंपड़ी में चला गया.
track_012,Jh_12,44.070,46.840,झरने के पास झाड़ियों से झांकना मना है.
track_012,Jh_13,47.240,49.070,झलमिल झाकियों में झंडा झूम रहा था.
track_012,Jh_14,49.470,51.630,झूठमूठ की झड़प में झुंड के झुंड झूल गए.
track_012,Jh_15,52.030,53.530,झांसी की झांकी झकास थी.
track_012,Jh_16,53.930,55.610,झन झन करती झांझर झड़ गई.
track_012,Jh_17,56.010,57.670,झोंके ने झरोखे को झकझोर दिया.
track_012,Jh_18,58.070,59.340,झुमका झील में झट से गिरा.
track_013,Jh_19,0.000,1.500,झगड़ालू झुमरी ने झगड़ा किया.
track_013,Jh_20,1.900,3.290,झूठों के झांसे में मत झूलो.
track_013,Jh_21,3.690,5.340,झरी से झर झर पानी झर रहा था.
track_013,Jh_22,5.740,7.310,झुकी झुकी नज़र से झांका.
track_013,Jh_23,7.710,9.410,झल्ली झलर वाला frock पहनती है.
track_013,Jh_24,9.810,11.110,झुग्गी झोंपड़ी में झगड़ा हुआ.
track_013,Jh_25,11.510,12.870,झिझक झोड़कर झट से बोलो.
track_013,Jh_26,13.270,14.720,झोले में झाड़ू झूल रही थी.
track_013,Jh_27,15.120,16.630,झाल मंजीरे झनझना उठे.
track_013,Jh_28,17.030,18.550,झिलमिल सितारों की झलक दिखी.
track_013,Jh_29,18.950,20.690,झुर्रियों भरा चेहरा झांक रहा था.
track_013,Jh_30,21.090,22.360,झटके से झंडा झुका दिया.
track_013,Kh_1,22.760,24.190,खरगोश खेत में खेल रहा था.
track_013,Kh_2,24.590,26.180,खिड़की खुली थी और खुशबू आ रही थी.
track_013,Kh_3,26.580,28.390,खरबूजा खाते खाते खुश हुआ.
track_013,Kh_4,28.790,30.800,खगोलशास्त्री ने खग का चित्र खींचा.
track_013,Kh_5,31.200,32.910,खाट पर खादी का कपड़ा बिछा था.
track_013,Kh_6,33.310,35.600,खिलाड़ी ने खचाखच भरे मैदान में खेला.
track_013,Kh_7,36.000,38.210,खुराक में खजूर और खिचड़ी रखी गई.
track_013,Kh_8,38.610,40.490,खाना खाकर खालिद खैरियत से निकला.
track_013,Kh_9,40.890,42.720,खंभे के खांचे में खरपतवार उग आई.
track_013,Kh_10,43.120,45.600,खज़ाना खोजने निकले खग खगोल में उलझ गए.
track_013,Kh_11,46.000,48.070,खूबसूरत खिड़की से खेत खूब दिखता है.
track_013,Kh_12,48.470,51.210,खन्नाजी ने खास खबर खाकी कागज पर खिंचवाई.
track_013,Kh_13,51.610,53.700,खरगोश खतरनाक खड्डे में खिसक गया.
track_013,Kh_14,54.100,55.810,"खुशी खुशी खाना खाओ, खूब खेलो."
track_013,Kh_15,56.210,57.840,खटिया पर खत खोलकर खड़े मत रहो.
track_014,Kh_16,0.000,2.220,खचाखच भरी बस में खड़े रहना खतरनाक है.
track_014,Kh_17,2.620,4.520,खेलाड़ी ने खेल में खूब नाम कमाया.
track_014,Kh_18,4.920,7.080,खराब खरबूजे को खाकर खांसी हो गई.
track_014,Kh_19,7.480,9.320,खलीफ़ा ने खज़ाने का खर्च खुद किया.
track_014,Kh_20,9.720,11.050,खटमल ने खून खूब पिया.
track_014,Kh_21,11.450,13.040,खट खट की आवाज़ से खिड़की खुली.
track_014,Kh_22,13.440,15.150,खपरैल का घर खंडहर बन गया.
track_014,Kh_23,15.550,17.090,खयाल खूब हैं खर्च कौन करेगा.
track_014,Kh_24,17.490,19.480,खिलखिलाकर हंसना खुशी की निशानी है.
track_014,Kh_25,19.880,21.380,खलिहान में फ़सल खराब हो गई.
track_014,Kh_26,21.780,23.250,खादान से कोयला खोदा गया.
track_014,Kh_27,23.650,25.260,खमीरी रोटी खाना खास बात थी.
track_014,Kh_28,25.660,27.130,खोखले पेड़ में खज़ाना खोजो.
track_014,Kh_29,27.530,28.850,खुजली की दवा खत्म हो गई.
track_014,Kh_30,29.250,30.930,खाते पीते खानदान का लड़का है.
track_014,P_1,31.330,32.790,पंकज ने पानीपुरी पसंद की.
track_014,P_2,33.190,35.270,पतंग पवन में पंख फ़ैलाए उड़ रही थी.
track_014,P_3,35.670,37.370,पलकों पर पलाश के फूल रखे थे.
track_014,P_4,37.770,39.530,पापा ने पकौड़ी और पराठे बनाए.
track_014,P_5,39.930,41.510,पवन पानी से पपीता धो रहा था.
track_014,P_6,41.910,43.790,पंडित पूजा पाठ में पंक्तिबद्ध थे.
track_014,P_7,44.190,46.030,पायल पेहेनकर पिंकी park में घूमी.
track_014,P_8,46.430,48.180,परीक्षा pass करने पर पुरस्कार मिला.
track_014,P_9,48.580,50.150,पैदल पथ पर पंडाल बना था.
track_014,P_10,50.550,52.310,प्यासे परिंदे ने पोखर से पानी पिया.
track_014,Ph_1,52.710,54.410,फलवाले ने फ़टाफट फ़लों को फ़ेंका.
track_014,Ph_2,54.810,56.820,फ़रीद फ़र्श पर फ़ीसलकर फ़ौरन गिर गया.
track_014,Ph_3,57.220,58.730,फ़ौजी ने फ़तेहपुर फ़तह किया.
track_015,Ph_4,0.000,1.410,फ़कीर ने फ़रियाद फ़रमाई.
track_015,Ph_5,1.810,3.280,फ़ूलों की फ़सल फ़िर से फ़ूटी.
track_015,Ph_6,3.680,5.460,फ़ुफ़ाजी फ़र्रुखाबाद से फ़िरनी लाए.
track_015,Ph_7,5.860,7.820,फ़र्श पर फ़ैला फ़ेविकोल फ़ौरन पोंछो.
track_015,Ph_8,8.220,10.100,Film में फ़नकार ने फ़रक दिखाया.
track_015,Ph_9,10.500,12.660,फ़टेहाल फ़कीर फ़ुटपाथ पर फ़िरता था.
track_015,Ph_10,13.060,14.580,फ़ालतू की फ़िक्र करना फ़िज़ूल है.
track_015,Ph_11,14.980,16.390,फ़ौलादी फ़ाटक फ़टाक से खुला.
track_015,Ph_12,16.790,18.250,फ़रवरी में function fix हुआ है.
track_015,Ph_13,18.650,20.200,फ़न फ़ैलाए फ़नकार खड़ा था.
track_015,Ph_14,20.600,22.120,फड़ फड़ाते पंछी फ़ुर्र से उड़ गए.
track_015,Ph_15,22.520,24.190,फ़िलहाल फ़ैसला फ़रहान करेगा.
track_015,Ph_16,24.590,25.980,फ़ूलदान में फ़ुल फ़ब रहे थे.
track_015,Ph_17,26.380,27.940,फूंक मारकर आग फ़िर जलाई.
track_015,Ph_18,28.340,29.830,फेंके हुए पत्थर से फल गिरा.
track_015,Ph_19,30.230,31.770,फ़ीरोज़ि रंग का कपड़ा फैला था.
track_015,Ph_20,32.170,33.510,फ़रक फ़रक से फ़सल काटी.
track_015,R_N1,33.910,36.600,राजू रोज़ रसीली रसभरी रसगुल्ला खरीदता है.
track_015,R_N2,37.000,39.370,रुचिरा ने रीतिकाव्य की रसधारा में रमण किया.
track_015,R_N3,39.770,42.070,रेखा ने रंगरेज से रेशमी रुमाल रंगवाया.
track_015,R_N4,42.470,44.980,रवि रोज़ रत्न जड़ित रथ पर round लगाता है.
track_015,R_N5,45.380,48.010,रीना रसोई में रोज़ राजस्थानी recipe बनाती है.
track_015,R_N6,48.410,51.520,रात्रि के समय रथ पर रक्षक रणभूमि की ओर रवाना हुए.
track_015,R_N7,51.920,54.870,रामू ने रंजीत से रुठे रिश्ते रचकर रोशन कर दिए.
track_015,R_N8,55.270,57.800,रंगमंच पर रोचक रंगारंग कार्यक्रम रोज़ होते हैं.
track_016,R_N9,0.000,2.440,रिश्तेदारों ने रेहाना को रोते हुए राज़ बताया.
track_016,R_N10,2.840,5.770,रुद्रवीणा की रुनझुन रागिनी रूह को राहत देती है.
track_016,R_N11,6.170,9.590,राजसी रौब और रुतबा रखने वाले राजा रोज़ राजसभा लगाते हैं.
track_016,R_N12,9.990,12.830,राहुल ने रवीश से रिक्त register रद्दी में डालने को कहा.
track_016,R_N13,13.230,16.040,रौशनी से रौशन रहगुज़र पर राही रुककर रोटी खाता है.
track_016,R_N14,16.440,19.620,रंग बिरंगे replica rockets रवि ने recharge कर भेजे.
track_016,R_N15,20.020,22.670,रेलगाड़ी रफ्तार से रनवे को रौंदती हुई रवाना हुई.
track_016,R_N16,23.070,25.390,रज्जो ने रेशेदार रज़ाई रोज़ रात को ओढ़ी.
track_016,R_N17,25.790,28.430,"रुपया रोज़ रत्न नहीं बनता, रीत भी रिश्तों से बनती है."
track_016,R_N18,28.830,31.620,रक्षाबंधन पर रिया ने रोनक के लिए राखी रवाना की.
track_016,R_N19,32.020,34.690,रागिनी ने रोटी सेंकी और राजू ने रसगुल्ले लाए.
track_016,R_N20,35.090,37.780,रेखा ने रोते राघव को रंग बिरंगी rubber दी.
track_016,T_1,38.180,39.810,टमाटर तोते ने टोकरी से उठाया.
track_016,T_2,40.210,41.400,टोपी वाला tiger टेहला.
track_016,T_3,41.800,43.400,Train tunnel से तेज़ी से निकली.
track_016,T_4,43.800,45.240,टिल्लू ने toffee table पर रखी.
track_016,T_5,45.640,47.110,टोनी torch लेकर टापू गया.
track_016,T_6,47.510,49.020,टोकरी में टिन के टुकड़े पड़े थे.
track_016,T_7,49.420,50.800,Tiger tyre पर टिका हुआ था.
track_016,T_8,51.200,52.780,टिल्लू टिन्टिन की किताब पढ़ रहा था.
track_016,T_9,53.180,54.640,Ticket counter पर टकराव हुआ.
track_016,T_10,55.040,56.620,Tractor तेज़ टक्कर से टूट गया.
track_016,T_21,57.020,58.360,टोकरी में टमाटर टूट गए.
track_017,T_22,0.000,1.750,टीना ने टोपी पहनकर टाैफी टांगी.
track_017,T_23,2.150,4.050,टीले पर टहलते टट्टू ने टक्कर मारी.
track_017,T_24,4.450,6.520,टाय टाय टिटहरी टकटकी लगाकर टापती रही.
track_017,T_25,6.920,9.210,टब में टपकता पानी टिप टिप कर रहा था.
track_017,T_26,9.610,11.350,टांगा टम टम करता चला जा रहा था.
track_017,T_27,11.750,13.630,टेढ़े मेढ़े रास्ते पर truck पलट गया.
track_017,T_28,14.030,15.660,Table पर tape recorder रखा था.
track_017,T_29,16.060,17.630,Telephone की घंटी टन टन बजी.
track_017,T_30,18.030,19.310,टीका टिप्पणी करना ठीक नहीं.
track_017,T_31,19.710,20.920,टुक टुक देखना बंद करो.
track_017,T_32,21.320,22.740,Train time पर terminal पहुँची.
track_017,T_33,23.140,24.540,टोली बनाकर टहलने निकले.
track_017,T_34,24.940,26.390,Tent लगाकर tourist ठहरे.
track_017,T_35,26.790,28.250,टिमटिमाते तारे टूट रहे थे.
track_017,T_36,28.650,29.740,टुकड़ों में रोटी तोड़ो.
track_017,T_37,30.140,31.220,टाँग में टांके लगे हैं.
track_017,T_38,31.620,33.070,Typewriter टक टक कर रहा था.
track_017,T_39,33.470,34.680,Tennis खेलने टोनी गया.
track_017,T_40,35.080,36.790,टस से मस न होना उसकी आदत है.
track_017,T_N1,37.190,39.670,तारा तीव्र तूफ़ान में तैरती हुई तुरत लौट आई.
track_017,T_N2,40.070,42.510,तेज़ तीरंदाज़ तुर्क तुरंत तीर चलाता है.
track_017,T_N3,42.910,45.340,तृप्त त्रिपाठी ने तुलसी का तीर्थ यात्रा तय किया.
track_017,T_N4,45.740,48.760,"तुम तेज़ तर्रार तो हो, पर तमीज़ की भी तमीज़ रखो."
track_017,T_N5,49.160,51.690,तालाब के तट पर तितलियाँओ तृप्ति से तिर रही थीं.
track_017,T_N6,52.090,55.320,ताऊजी त्रिकोणमिति की कठिन बातें तन्मयता से समझाते हैं.
track_017,T_N7,55.720,58.580,तात्कालिक तात्पर्य निकालना तटस्थता को दिखाता है.
track_018,T_N8,0.000,2.350,तेतर तिनके से ताना बाना तुनकते हुए बुनता है.
track_018,T_N9,2.750,5.010,तीर्थ यात्रा पर ताई ने तपस्वी से तर्क किया.
track_018,T_N10,5.410,7.720,"तोता तंबू में तैरता नहीं, तूफ़ान में उड़ता है."
track_018,T_N11,8.120,10.450,तपस्वी की तपस्या से त्रिलोक तक तंद्रा टूटी.
track_018,T_N12,10.850,13.550,तूफ़ान में तटबंध टूटे तो तत्परता दिखानी चाहिए.
track_018,T_N13,13.950,16.940,तंदूर में तंदूरी टिक्का तमतमाते ताप में बनता है.
track_018,T_N14,17.340,19.420,तीखी तकरार से तापमान तक बढ़ जाता है.
track_018,T_N15,19.820,22.050,"तारों से तावीज़ तक, तसव्वुर में तू ही तू है."
track_018,T_N16,22.450,24.800,तितली के पंखों की तरह ताज़गी फ़ैलती रहती है.
track_018,T_N17,25.200,27.570,"त्रुटियों को तर्क से तौला जाता है, ताकत से नहीं."
track_018,T_N18,27.970,30.740,तेज तुफ़ान तिनकों को तश्तरी से तितर बितर कर देता है.
track_018,T_N19,31.140,33.200,ताजमहल की तस्वीर देखकर तृप्ति होती है.
track_018,T_N20,33.600,35.840,तिमिर में तारे तुम्हारे ताप से ताज़गी लाते हैं.
track_018,Th_1,36.240,38.680,थके हुए थानेदार ने थैला थाली पर थप थपाया.
track_018,Th_2,39.080,40.500,थोड़ा थोड़ा करके थैला थाम लो.
track_018,Th_3,40.900,42.670,थल थल करती थुलथुली काया थम गई.
track_018,Th_4,43.070,44.890,थप्पड़ से थरमस थड़ाक से गिरा.
track_018,Th_5,45.290,47.330,थकान से थर थर कांपना थमा नहीं.
track_018,Th_6,47.730,48.790,थाली में थोड़ा खाना था.
track_018,Th_7,49.190,51.500,थोक के भाव में चीज़ें थोड़ी सस्ती मिलती हैं.
track_018,Th_8,51.900,53.280,Thermometer से तापमान मापा.
track_018,Th_9,53.680,54.810,Theater में film देखी.
track_018,Th_10,55.210,56.870,थक हारकर वह वहीं थम गया.
track_018,Th_11,57.270,58.580,थूथनी पर मक्खी बैठी थी.
track_019,Th_12,0.000,1.270,थम्बा थामकर खड़े हो जाओ.
track_019,Th_13,1.670,3.140,थिरकते कदमों से नाच दिखाया.
track_019,Th_14,3.540,5.070,थपेड़ों ने नाव को हिला दिया.
track_019,Th_15,5.470,6.840,थूथू करने से कुछ नहीं होगा.
track_019,Th_16,7.240,8.690,Thailand की यात्रा थकाऊ थी.
track_019,Th_17,9.090,10.270,Thermocol की sheet लाओ.
track_019,Th_18,10.670,12.130,Theory की परीक्षा कठिन थी.
track_019,Th_19,12.530,14.120,थपथपाकर बच्चे को सुलाया.
track_019,Th_20,14.520,16.260,थकन उतारने के लिए थोड़ी देर रुको.
track_019,Tth_1,16.660,18.550,ठेले वाले ने ठीक ठिकाने पर ठेला ठोका.
track_019,Tth_2,18.950,20.930,ठग ने ठाकुर को ठोकर मारकर ठग लिया.
track_019,Tth_3,21.330,23.870,ठंडे ठंडे पानी से ठाकुर को ठंड लग गई.
track_019,Tth_4,24.270,26.290,ठुमक ठुमक कर ठहर ठहर कर चलो.
track_019,Tth_5,26.690,28.590,ठोस ठिकानों पर ठाठ से ठहरो.
track_019,Tth_6,28.990,30.270,ठाकुर ने ठहाका ठोका.
track_019,Tth_7,30.670,32.310,ठिठुरती ठंड में टहलना ठीक नहीं.
track_019,Tth_8,32.710,34.730,ठसाठस भरी बस में ठेलमठेल हुई.
track_019,Tth_9,35.130,36.580,ठिगने आदमी ने ठीक बात कही.
track_019,Tth_10,36.980,38.610,ठेकेदार ने ठेका ठीक से नहीं किया.
track_019,Tth_11,39.010,40.450,ठोडी पर तिल ठीक लगता है.
track_019,Tth_12,40.850,42.140,ठप्पे से निशान ठीक लगाओ.
track_019,Tth_13,42.540,44.000,ठोस लोहे पर हथौड़ा ठोको.
track_019,Tth_14,44.400,45.960,ठहरकर ठंडे दिमाग से सोचो.
track_019,Tth_15,46.360,47.740,ठाट बाट से ठाकुर साहब ठहरे.
track_019,Tth_16,48.140,49.320,ठंडाई ठंडी करके पियो.
track_019,Tth_17,49.720,51.720,ठुकरा कर मेरा प्यार इंतकाम देखेगी.
track_019,Tth_18,52.120,53.470,ठीक ठाक दाम में सौदा हुआ.
track_019,Tth_19,53.870,55.760,"ठोड़ी देर ठहरो, चाय पीकर जाना."
track_019,Tth_20,56.160,57.600,ठिगने लड़के ने ठोकर खाई.
track_020,Z_P1,0.000,4.300,ज़रूरी काम निपटाने के बाद थोड़ा आराम करना चाहिए दिमाग को ताज़ा रखने के लिए अवाज़.
track_020,Z_P2,4.700,8.660,ज़माने की रफ़़्तार के सात चलने वाले व्यक्ति को मिलती है सफ़लता और इज़्ज़त अंदाज़.
track_020,Z_P3,9.060,13.400,ज़मीन पर गिरे हुए फ़लों को खाने से पेहले अच्छी तरह से धोना ज़रूरी है आज.
track_020,Z_P4,13.800,18.480,नज़र आते हैं दूर से पहाड़ों के ऊपर बर्फ़़ के सफ़ेद टुकड़े जैसे अद्भुत जहाज़.
track_020,Z_P5,18.880,23.380,रोजाना व्यायाम करने से शरीर तंदरुस्त रेहता है और दिमाग में होती है तेज़.
track_020,Z_P6,23.780,28.000,मरीज़ को doctor ने दवाई देकर कहा कि इसे नियमित रूप से लेना है अवश्य नवाज़.
track_020,Z_P7,28.400,31.860,अख़बार पढ़ते समय सबसे ज़रूरी ख़बरों पर ध्यान देना चाहिए विशेष.
track_020,Z_P8,32.260,36.730,ज़िंदगी के हर मोड़ पर इंसान को मिलते हैं नए अनुभव और अवसर हर रोज़.
track_020,Z_P9,37.130,40.940,"तेज़ धूप में बिना छाता के निकलना स्वास्थ्य के लिए हानिकारक है, आवाज़."
track_020,Gen_English_Sentences_1,41.340,44.540,Hi Elizabeth and Anthony Life is filled with moments that matter.
track_020,Gen_English_Sentences_2,44.940,47.710,Treasure each smile every laugh and every hug.
track_020,Gen_English_Sentences_3,48.110,50.590,Small gestures can create a big impact.
track_020,Gen_English_Sentences_4,50.990,54.320,Celebrate the joy of being together the warmth of companionship.
track_020,Gen_English_Sentences_5,54.720,57.180,Stay active remain healthy and be happy.
track_020,Gen_English_Sentences_6,57.580,59.780,Appreciate the beauty of each new day.
track_021,Gen_English_Sentences_7,0.000,3.170,Find joy in the simple things the unexpected surprises.
track_021,Gen_English_Sentences_8,3.570,6.300,Embrace every opportunity and live life to the fullest.
track_021,Gen_English_Sentences_9,6.700,8.460,Because you deserve the finest always.
track_021,Gen_English_Sentences_10,8.860,11.860,Compassion and generosity brings true joy to our hearts.
track_021,Gen_English_Sentences_11,12.260,14.970,A beautiful life is not just about wealth or luxury
track_021,Gen_English_Sentences_12,15.370,18.000,It is also about feeling happy and satisfied.
track_021,Gen_English_Sentences_13,18.400,22.510,Spending quality time with family and friends adds real joy to our lives.
track_021,Gen_English_Sentences_14,22.910,27.450,Finding joy in every little thing and living the day with attention also gives us happiness.
track_021,Gen_English_Sentences_15,27.850,31.250,Life is about cherishing moments and making memories with loved ones.
track_021,Gen_English_Sentences_16,31.650,35.520,Helping others is an important aspect of living a beautiful life.
track_021,Gen_English_Sentences_17,35.920,39.720,When we help others it gives us the feeling of internal satisfaction.
track_021,Gen_English_Sentences_18,40.120,45.380,Small acts of kindness such as donating or offering a helping hand can make a big difference.
track_021,Gen_English_Sentences_19,45.780,51.180,By contributing to others' well-being we not only improve their lives but also enhance our own.
track_021,Gen_English_Sentences_20,51.580,54.530,A beautiful life involves pursuing our dreams and goals.
track_022,Gen_English_Sentences_21,0.000,5.650,Even though challenges and obstacles are part of the journey facing them with determination makes us stronger.
track_022,Gen_English_Sentences_22,6.050,10.240,Achieving our dreams gives us a sense of accomplishment and adds meaning to our lives.
track_022,Gen_English_Sentences_23,10.640,14.090,Working towards our passion makes life more meaningful and beautiful.
track_022,Gen_English_Sentences_24,14.490,17.300,To live a beautiful life maintaining good health is essential.
track_022,Gen_English_Sentences_25,17.700,22.010,A healthy body and a healthy mind is necessary for living the life with happiness.
track_022,Gen_English_Sentences_26,22.410,27.130,Regular exercise a balanced diet and adequate sleep are important for our well-being.
track_022,Gen_English_Sentences_27,27.530,32.110,Healthy living helps us stay energetic and face daily challenges with a positive attitude.
track_022,Gen_English_Sentences_28,32.510,36.460,A healthy lifestyle is key to experiencing happiness and contentment.
track_022,Gen_English_Sentences_29,36.860,39.610,Creativity plays a big role in a beautiful life.
track_022,Gen_English_Sentences_30,40.010,44.540,Art music and writing help us express our feelings and feel satisfied.
track_022,Gen_English_Sentences_31,44.940,48.800,Creative activities can be a great way to relieve stress and find joy.
track_022,Gen_English_Sentences_32,49.200,53.120,These activities help us explore our talents and bring positivity in our lives.
track_022,Gen_English_Sentences_33,53.520,57.010,Fashion is a powerful way to express who you are without saying a word.
track_023,Gen_English_Sentences_34,0.000,5.660,Once reserved for the rich and famous fashion is now within everyone's reach especially the youth.
track_023,Gen_English_Sentences_35,6.060,11.020,What begins as a trend can transform into a style that shapes our attire behavior and lifestyle.
track_023,Gen_English_Sentences_36,11.420,15.760,Fashion is not just about looking good; its about feeling confident and bold.
track_023,Gen_English_Sentences_37,16.160,19.640,It's a global phenomenon with each country adding its unique flair.
track_023,Gen_English_Sentences_38,20.040,22.900,From clothing to lifestyle accents fashion is everywhere.
track_023,Gen_Sentences_1,23.300,29.140,Hi अमरजीत सिंघ from लुधियाना नमस्ते मैं हूँ Viraj और मेरी तरफ़ से आपको और आपके परिवार को ढेर सारी शुभकामनाएं.
track_023,Gen_Sentences_2,29.540,31.930,दुआ करता हूँ कि आपका हर दिन खुशियों से भरा हो.
track_023,Gen_Sentences_3,32.330,37.420,आपका और good-luck का जोड़ हमेशा मज़बूत रहे. Wishing you all the very best. Take care
track_023,Gen_Sentences_4,37.820,40.210,Hi स्नेहा  मुख़र्जी and team It's me विराज.
track_023,Gen_Sentences_5,40.610,47.020,How are you all doing? A huge shoutout to all of you from my side because I hear कि आपकी team काफ़ी अच्छी progress कर रही है.
track_023,Gen_Sentences_6,47.420,53.190,Big congratulations to you. I hope you keep moving forward keep shining and continue to reach greater heights.
track_023,Gen_Sentences_7,53.590,57.710,Keep up the good work sending you lots of love and best wishes. Take care.
track_024,Gen_Sentences_8,0.000,7.080,Hi अनामिका श्रीवास्तव from जयपुर मैं हूँ विराज. आपको और आपके परिवार को मेरी तरफ़ से नए साल की ढेर सारी बधाई.
track_024,Gen_Sentences_9,7.480,13.660,ये नया साल आपके लिए बहुत सारी खुशियाँ success good luck और good health लाए. आपके सभी सपने पूरे हों.
track_024,Gen_Sentences_10,14.060,18.840,Always keep smiling and celebrate this with your friends and family. Happy New Year
track_024,Gen_Sentences_11,19.240,24.990,Hi इशांक and उमेद Happiness का मतलब सिर्फ़ ख़ुशी से नहीं बल्कि अपनी ज़िंदगी से satisfied रहना भी है.
track_024,Gen_Sentences_12,25.390,31.470,जब हम अपनी daily life को enjoy करते हैं और छोटी-छोटी चीज़ों में ख़ुशी ढूंढते हैं तब हम ज़्यादा happy feel करते हैं.
track_024,Gen_Sentences_13,31.870,35.610,Friends और family के साथ quality time spend करना भी happiness को बढ़ाता है.
track_024,Gen_Sentences_14,36.010,41.490,Simple things जैसे एक अच्छी coffee या थोड़ा हंसी-मज़ाक हमारे दिन को bright बना सकता है.
track_024,Gen_Sentences_15,41.890,45.450,Hi रिषिका and रिषभ Good health भी happiness का एक important part है.
track_024,Gen_Sentences_16,45.850,49.110,जब हम fit और healthy होते हैं तब हम ज़्यादा ख़ुश feel करते हैं.
track_024,Gen_Sentences_17,49.510,55.110,Regular exercise healthy diet और proper sleep लेने से हम अपने body और mind को healthy रख सकते हैं.
track_025,Gen_Sentences_18,0.000,4.780,Healthy living हमारी overall well-being को improve करता है जो कि happiness का एक key factor है.
track_025,Gen_Sentences_19,5.180,10.320,Hi अंकुर and ऐश्वर्या ख़ूबसूरत जीवन जीने के लिए हमें अपने health का ध्यान रखना ज़रूरी है.
track_025,Gen_Sentences_20,10.720,13.770,Healthy body और mind के बिना जीवन का कोई मज़ा नहीं होता.
track_025,Gen_Sentences_21,14.170,19.620,रोज़ exercise करना balanced diet लेना और time पे सोना ज़रूरी होता है. जब हम स्वस्थ रहते हैं.
track_025,Gen_Sentences_22,20.020,24.020,तो हमारी ऊर्जा बढ़ती है और हम अपने काम को बेहतर तरीक़े से कर पाते हैं.
track_025,Gen_Sentences_23,24.420,26.770,ये हमें आनंद भरा जीवन जीने में मदद करता है.
track_025,Gen_Sentences_24,27.170,36.530,Hi जयलक्ष्मी ठक्कर Gratefulness happiness का एक key element है. जब हम अपनी life में grateful होते हैं और हर चीज़ को appreciate करते हैं हम ज़्यादा happy feel करते हैं.
track_025,Gen_Sentences_25,36.930,44.250,Simple चीज़ों का शुक्रिया अदा करना जैसे एक अच्छा दिन या एक supportive friend हमें ज़िंदगी की real happiness का एहसास दिलाता है.
track_025,Gen_Sentences_26,44.650,48.160,Gratitude से हमारे thoughts positive होते हैं और happiness बढ़ जाती है.
track_026,Gen_Sentences_27,0.000,4.740,Hi अन्नपूर्णा How are you doing? अपने passion को follow करना- happiness का एक important part है.
track_026,Gen_Sentences_28,5.140,9.650,जब हम अपने hobbies और interests को follow करते हैं हम ज़्यादा fulfilled और happy feel करते हैं.
track_026,Gen_Sentences_29,10.050,14.290,ये activities हमारे stress को कम करती हैं और हमें एक sense of purpose देती हैं.
track_026,Gen_Sentences_30,14.690,20.070,अपने passions को follow करना एक तरह से self-care भी है जो हमें mental peace और happiness provide करता है.
track_026,Gen_Sentences_31,20.470,25.900,Hi ओमर इक़बाल Family मेरे लिए सबसे important है. चाहे कुछ भी हो ये हमेशा हमारे साथ रहती है.
track_026,Gen_Sentences_32,26.300,31.760,हर ख़ुशी हर दुख में ये हमें support करती है. हमारे family members हमें unconditional प्यार देते हैं.
track_026,Gen_Sentences_33,32.160,37.980,और हमेशा साथ खड़े रहते हैं. दिवाली हो या होली परिवार के साथ बिताया हुआ हर पल special है.
track_026,Gen_Sentences_34,38.380,40.110,उनके बिना ज़िंदगी अधूरी लगती है.
track_026,Gen_Sentences_35,40.510,44.660,इसलिए अपनी family के साथ वक़्त बिताइए उन्हें अपनी ज़िंदगी का हिस्सा बनाइए.
track_026,Gen_Sentences_36,45.060,50.530,Hi Doctor पूनम मल्होत्रा कैसे हो आप? मैं हूँ Viraj  और ये है आपके लिए एक छोटा सा surprise
track_027,Gen_Sentences_37,0.000,4.280,Happiest birthday to you I hope ये special दिन आपका हर सपना पूरा करे.
track_027,Gen_Sentences_38,4.680,11.370,Have a fantastic day May your journey ahead be filled with love laughter and good health. Sending you loads of love. Take care.
track_027,Gen_Sentences_39,11.770,16.710,Hi सोनिया and सूरज from Chennai आप दोनों कैसे हो? मैं हूँ विराज and guess what?
track_027,Gen_Sentences_40,17.110,21.670,I heard आज आप दोनों की anniversary है. So big congratulations to you both..
track_027,Gen_Sentences_41,22.070,24.690,Cheers to your love and all the amazing adventures ahead.
track_027,Gen_Sentences_42,25.090,27.200,आप दोनों का प्यार हमेशा रहे बरक़रार.
track_027,Gen_Sentences_43,27.600,29.950,God bless you Stay happy. Take care.
track_027,Gen_Sentences_44,30.350,32.630,Hi निशांत वर्मा from मुंबई कैसे हैं आप?
track_027,Gen_Sentences_45,33.030,37.450,It’s me विराज wishing you and your family a very very happy गणेश चतुर्थी.
track_027,Gen_Sentences_46,37.850,39.750,आज का पूरा दिन मौज मस्ती से बिताइए.
track_027,Gen_Sentences_47,40.150,44.560,जीवन में खुशियाँ हमेशा बनी रहनी चाहिए Wishing you lots of love luck and happiness.
track_027,Gen_Sentences_48,44.960,47.700,Sending my best-est wishes. Take care.
track_028,Gen_Sentences_49,0.000,2.270,Acting की दुनिया में काम करना एक adventure है.
track_028,Gen_Sentences_50,2.670,5.410,इसमें हर दिन नए challenges और opportunities आती हैं.
track_028,Gen_Sentences_51,5.810,10.060,Acting की दुनिया में अपना career शुरू करना एक thrilling और challenging process था.
track_028,Gen_Sentences_52,10.460,14.700,Auditions और casting calls में जाना और अपनी acting skills को showcase करना.
track_028,Gen_Sentences_53,15.100,16.670,ये मेहनत और लगन का काम है.
track_028,Gen_Sentences_54,17.070,20.260,Acting profession में energy और flexibility भी होना ज़रूरी है.
track_028,Gen_Sentences_55,20.660,24.010,Film shoots और TV के लिए कभी-कभी दिन भर shoot करना पड़ता है.
track_028,Gen_Sentences_56,24.410,26.730,जो physically और mentally challenging होता है.
track_028,Gen_Sentences_57,27.130,31.970,But set पे काम कर रहे सारे लोगों की मेहनत जब रंग लाती है तो सारी थकान दूर हो जाती है.
track_028,Gen_Sentences_58,32.370,35.520,Acting के career में आगे बढ़ने के लिए हमेशा सीखते रहना चाहिए.
track_028,Gen_Sentences_59,35.920,38.260,Workshops और acting classes मेरे लिए important हैं.
track_028,Gen_Sentences_60,38.660,42.100,यहाँ मैं अपनी कला को बेहतर और नए अंदाज़ से पेश करना सीखता हूँ.
track_028,Gen_Sentences_61,42.500,47.120,एक important lesson जो मैंने सीखा वो ये है कि acting सिर्फ dialogues बोलने से नहीं होती.
